,model,aic,sample
0,exponential,-7.457644596401558,0
1,exponential,-18.56424560969424,1
2,exponential,-17.706281632880067,2
3,exponential,-4.276680409217377,3
4,exponential,-16.295050031918432,4
5,exponential,-16.752385755419276,5
6,exponential,-7.70918544741223,6
7,exponential,-3.42146491557115,7
8,exponential,-14.646974802145877,8
9,exponential,-12.027250560544793,9
10,exponential,-10.152663023925728,10
11,exponential,-18.78513045743439,11
12,exponential,-2.142740475100311,12
13,exponential,-18.48493567925489,13
14,exponential,-19.941741732167078,14
15,exponential,-25.48070448305294,15
16,exponential,-11.505803301775131,16
17,exponential,1.0271193536863272,17
18,exponential,2.2741268030785786,18
19,exponential,-12.306998656954416,19
20,exponential,-6.061485302069745,20
21,exponential,-17.39065601016211,21
22,exponential,0.023270064472912466,22
23,exponential,-7.69684249089341,23
24,exponential,-13.129933154155975,24
25,exponential,-2.9843786252989304,25
26,exponential,3.9438262503669934,26
27,exponential,-12.770460158173407,27
28,exponential,-8.508447121668631,28
29,exponential,-10.625991590590278,29
30,exponential,-8.283773521994148,30
31,exponential,-17.56008856368183,31
32,exponential,0.004411074974158602,32
33,exponential,-2.5035502084111743,33
34,exponential,-9.869368293630245,34
35,exponential,-14.224796564476613,35
36,exponential,-3.0007196171797705,36
37,exponential,-15.79738484129254,37
38,exponential,0.04898244473984281,38
39,exponential,-7.585972406255836,39
40,exponential,-5.504567448280328,40
41,exponential,inf,41
42,exponential,-14.908447435174317,42
43,exponential,-9.667835996222998,43
44,exponential,-2.0633044257799265,44
45,exponential,-12.371823797955308,45
46,exponential,-10.94719751023615,46
47,exponential,-12.603597939471005,47
48,exponential,-20.88248321720447,48
49,exponential,-16.581313282668756,49
50,exponential,-11.180661156587982,50
51,exponential,-28.117124782591112,51
52,exponential,-16.25248920101285,52
53,exponential,-23.27543523828544,53
54,exponential,-9.292183057894952,54
55,exponential,-12.648832667993425,55
56,exponential,-6.114856043297593,56
57,exponential,-15.53753945974901,57
58,exponential,-16.116607562375584,58
59,exponential,-12.061752600995085,59
60,exponential,-13.51725240578213,60
61,exponential,-4.174948180719728,61
62,exponential,-19.00874174109787,62
63,exponential,-9.864234733932125,63
64,exponential,-15.25715052370752,64
65,exponential,-8.453914321476658,65
66,exponential,-11.635219579742689,66
67,exponential,-21.031323089953226,67
68,exponential,-11.42925075613663,68
69,exponential,-9.337666796699287,69
70,exponential,-26.83282146701382,70
71,exponential,-13.241416240500133,71
72,exponential,-10.009290921815907,72
73,exponential,-1.2553668334772308,73
74,exponential,-16.01834479365264,74
75,exponential,-27.605244221938822,75
76,exponential,-8.657982221997331,76
77,exponential,2.4167474357730963,77
78,exponential,0.30462721061292886,78
79,exponential,-7.569905849037662,79
80,exponential,-20.44315923675762,80
81,exponential,-7.645783903578106,81
82,exponential,-9.845764946075494,82
83,exponential,-17.191866820160307,83
84,exponential,-10.783841486363231,84
85,exponential,-18.937948881480377,85
86,exponential,-7.509343712413717,86
87,exponential,-18.22944444699058,87
88,exponential,-5.938720299261933,88
89,exponential,-18.516063859945426,89
90,exponential,-12.1953587182802,90
91,exponential,-11.447861182302596,91
92,exponential,-16.886071197102567,92
93,exponential,-13.291881838528258,93
94,exponential,0.4682031310996435,94
95,exponential,-17.3813234622975,95
96,exponential,-13.145025496370309,96
97,exponential,3.46027319203452,97
98,exponential,-5.165314778080134,98
99,exponential,-12.707802505589342,99
100,exponential,-8.764504123059139,100
101,exponential,-20.96087864181409,101
102,exponential,-13.805949383445697,102
103,exponential,-8.32801578811503,103
104,exponential,-16.825161329502752,104
105,exponential,-1.4598193481708783,105
106,exponential,-9.245876720783084,106
107,exponential,-13.02728561716809,107
108,exponential,-18.359392196794488,108
109,exponential,-30.19771957315814,109
110,exponential,-13.27251254540126,110
111,exponential,-8.21530596146417,111
112,exponential,-4.8999205499108385,112
113,exponential,-18.221145783806982,113
114,exponential,-22.508732752535067,114
115,exponential,-6.0171992237876974,115
116,exponential,-19.608878762008395,116
117,exponential,-8.422451909968293,117
118,exponential,-18.21485264921907,118
119,exponential,-12.921255213236723,119
120,exponential,-18.08550154312048,120
121,exponential,-11.877280054701368,121
122,exponential,-12.196542738051907,122
123,exponential,-3.965270075562879,123
124,exponential,-18.040570994224247,124
125,exponential,-7.766658155558929,125
126,exponential,6.969807532018148,126
127,exponential,-22.2997025117135,127
128,exponential,-6.177298353271205,128
129,exponential,-14.102309518122645,129
130,exponential,-17.562249748497187,130
131,exponential,-4.211234454115354,131
132,exponential,-14.782516607067528,132
133,exponential,-6.631393451111263,133
134,exponential,-17.932857595989063,134
135,exponential,-21.059935575828685,135
136,exponential,-3.99586245359768,136
137,exponential,-20.61988668014254,137
138,exponential,-18.40091089527416,138
139,exponential,-7.6621614688241735,139
140,exponential,inf,140
141,exponential,-5.382767429358438,141
142,exponential,-4.869286459975132,142
143,exponential,-10.274467582223444,143
144,exponential,-11.426180709532579,144
145,exponential,-11.731470550815606,145
146,exponential,-13.398147678517027,146
147,exponential,-3.571649850388374,147
148,exponential,-19.934100910003064,148
149,exponential,-16.75248418352446,149
150,exponential,-15.577873751640404,150
151,exponential,-0.23398721410809564,151
152,exponential,-20.14831831978354,152
153,exponential,-9.409363558888991,153
154,exponential,-14.443993789588404,154
155,exponential,-20.064953291189394,155
156,exponential,-13.788778188105486,156
157,exponential,-20.975274761856603,157
158,exponential,-11.287950293163716,158
159,exponential,-19.68535119525389,159
160,exponential,-6.81880093041503,160
161,exponential,-13.134535152016614,161
162,exponential,-7.0286246646831145,162
163,exponential,-14.503387864360732,163
164,exponential,-15.29171259129507,164
165,exponential,-16.104140728346238,165
166,exponential,-11.005647381184202,166
167,exponential,-14.898545397471764,167
168,exponential,inf,168
169,exponential,-17.27908448388405,169
170,exponential,-14.077434072662122,170
171,exponential,-2.203774430493282,171
172,exponential,-11.481008134974289,172
173,exponential,-7.829063258871981,173
174,exponential,-18.982053384566523,174
175,exponential,-17.706026888116867,175
176,exponential,1.1014334974356852,176
177,exponential,-22.911197239904904,177
178,exponential,-12.34263372231829,178
179,exponential,-2.324212131513092,179
180,exponential,-12.775341359697386,180
181,exponential,-27.463060173122187,181
182,exponential,-1.3689976875965497,182
183,exponential,-3.7318574788671555,183
184,exponential,-13.41095325625151,184
185,exponential,-20.15335413037702,185
186,exponential,-12.133420932756295,186
187,exponential,-11.664549307237642,187
188,exponential,-18.00305729046063,188
189,exponential,-7.771508473708332,189
190,exponential,-2.595025329548344,190
191,exponential,-13.255945302802754,191
192,exponential,-4.409190020733673,192
193,exponential,-7.909032445293194,193
194,exponential,-14.505920464600862,194
195,exponential,-13.934953004741278,195
196,exponential,-10.680246283338857,196
197,exponential,-16.052107934719768,197
198,exponential,2.1600496996547545,198
199,exponential,-8.792563436190198,199
200,exponential,-24.837996286581866,200
201,exponential,-10.297643399620082,201
202,exponential,-9.501037949037189,202
203,exponential,-9.578529741732,203
204,exponential,-21.293284096608343,204
205,exponential,-15.621785781487333,205
206,exponential,-4.8881799595054805,206
207,exponential,-18.19702971371967,207
208,exponential,-13.327105212236521,208
209,exponential,-23.002929982747087,209
210,exponential,-5.04139377498535,210
211,exponential,-8.770872206659645,211
212,exponential,-14.191525315896989,212
213,exponential,-0.8514242606066675,213
214,exponential,-6.586103811683529,214
215,exponential,-12.113203375566627,215
216,exponential,-5.368726028764327,216
217,exponential,-15.438075659299109,217
218,exponential,-18.321800882361035,218
219,exponential,-13.286618074135472,219
220,exponential,-5.616042072170405,220
221,exponential,-26.997575237492317,221
222,exponential,-16.611616322913743,222
223,exponential,-15.011673622313616,223
224,exponential,-15.935301469419464,224
225,exponential,-1.6721890546157239,225
226,exponential,-14.097826074515147,226
227,exponential,-12.908414924963687,227
228,exponential,-7.767384332519324,228
229,exponential,-12.24270598513337,229
230,exponential,5.878747999320965,230
231,exponential,-22.270825220526813,231
232,exponential,-3.911972745645029,232
233,exponential,-15.579581089294049,233
234,exponential,3.091457237437607,234
235,exponential,3.169743030087918,235
236,exponential,-12.99520732076461,236
237,exponential,-14.96068875638737,237
238,exponential,-21.169921535577746,238
239,exponential,-14.752719980059126,239
240,exponential,-16.248895926705256,240
241,exponential,-7.367798040214566,241
242,exponential,-22.008772099249004,242
243,exponential,2.1949971827687906,243
244,exponential,-14.745316796598114,244
245,exponential,-14.568846014559899,245
246,exponential,-7.892044105674216,246
247,exponential,-8.912901746522298,247
248,exponential,-2.70393403022696,248
249,exponential,5.3267620566576,249
250,exponential,-19.45488483602235,250
251,exponential,0.7176391756522449,251
252,exponential,-8.351876368380248,252
253,exponential,-15.414324761713921,253
254,exponential,-13.938396482827901,254
255,exponential,6.159969745026447,255
256,exponential,-15.027680415364156,256
257,exponential,-3.9919660629227893,257
258,exponential,-14.647128100010772,258
259,exponential,-7.720279121581427,259
260,exponential,inf,260
261,exponential,-14.236600058463395,261
262,exponential,-10.609753555255175,262
263,exponential,-17.5030964002376,263
264,exponential,-15.780973113250173,264
265,exponential,-9.87924505099324,265
266,exponential,1.778675616868178,266
267,exponential,-17.84988147701007,267
268,exponential,5.9219156934410435,268
269,exponential,-21.59583631000577,269
270,exponential,-19.416552624162605,270
271,exponential,-15.41633814678973,271
272,exponential,-3.9275133552273918,272
273,exponential,-0.5256113879966753,273
274,exponential,-16.31316737681879,274
275,exponential,-17.855767429635677,275
276,exponential,0.9387162881536062,276
277,exponential,-15.288202967593612,277
278,exponential,-17.21466189161527,278
279,exponential,-2.2967260592220846,279
280,exponential,-5.829316532252838,280
281,exponential,-10.01396993676889,281
282,exponential,-3.0747250279672746,282
283,exponential,-7.297362103726732,283
284,exponential,-9.749969566119333,284
285,exponential,-23.984589756745578,285
286,exponential,-15.414298514079718,286
287,exponential,-0.6052871152245363,287
288,exponential,-20.648589308009367,288
289,exponential,-9.711131018017813,289
290,exponential,-4.471928712037471,290
291,exponential,-19.833010940557944,291
292,exponential,-15.966840460666077,292
293,exponential,-5.296984826447426,293
294,exponential,-9.179251244296758,294
295,exponential,-8.295097136582337,295
296,exponential,-7.493432354510286,296
297,exponential,0.8291860973553868,297
298,exponential,-3.437377482507447,298
299,exponential,-22.900776528998524,299
300,exponential,-15.342192796812824,300
301,exponential,-1.6486690358211522,301
302,exponential,-17.605527784451926,302
303,exponential,-10.536352075035712,303
304,exponential,0.22730465903208374,304
305,exponential,-15.208442886051515,305
306,exponential,-2.6674004414296935,306
307,exponential,-18.734194721777744,307
308,exponential,-14.019708578105298,308
309,exponential,-22.63335498604427,309
310,exponential,-22.09919948048212,310
311,exponential,-10.74630109688949,311
312,exponential,-19.14896703306273,312
313,exponential,-10.85745640352454,313
314,exponential,-11.20619529271339,314
315,exponential,-1.936339543889602,315
316,exponential,-11.379472354187106,316
317,exponential,-14.030692815204098,317
318,exponential,-15.74458770665456,318
319,exponential,-13.395825162957554,319
320,exponential,-15.833282275263624,320
321,exponential,0.31159570887921184,321
322,exponential,-4.837866465315539,322
323,exponential,inf,323
324,exponential,-13.880768262782745,324
325,exponential,-15.912583282781846,325
326,exponential,-14.409466377859115,326
327,exponential,-8.078122595064446,327
328,exponential,-15.709669101831434,328
329,exponential,-11.369846397609505,329
330,exponential,-4.355099165779025,330
331,exponential,-15.242634355067409,331
332,exponential,-9.355041469745506,332
333,exponential,-9.603474577797682,333
334,exponential,inf,334
335,exponential,-8.065667487111234,335
336,exponential,-22.360300876663697,336
337,exponential,6.445476055815746,337
338,exponential,-19.810987434488435,338
339,exponential,-19.532379577193417,339
340,exponential,-8.42923670257879,340
341,exponential,-9.8740261728392,341
342,exponential,-5.048595412626494,342
343,exponential,-21.369771985747178,343
344,exponential,-9.354897509744642,344
345,exponential,-15.936102108824947,345
346,exponential,-11.93051812628822,346
347,exponential,5.242656159550034,347
348,exponential,-19.871039013985538,348
349,exponential,-8.443101847377411,349
350,exponential,8.831227665854946,350
351,exponential,-6.998144935803811,351
352,exponential,-8.236438037155963,352
353,exponential,-4.509865266642585,353
354,exponential,-22.61324892998489,354
355,exponential,-30.290862263544696,355
356,exponential,-16.839432741672624,356
357,exponential,0.5957892478325144,357
358,exponential,-21.910916587706396,358
359,exponential,-9.346838838514124,359
360,exponential,7.314761232505637,360
361,exponential,-15.622924711221998,361
362,exponential,-22.885759452862235,362
363,exponential,-21.6198134484626,363
364,exponential,0.3854105082703354,364
365,exponential,-11.631330127571273,365
366,exponential,-21.621378189712754,366
367,exponential,-13.189516098397807,367
368,exponential,-10.733240024374037,368
369,exponential,-10.616470543711202,369
370,exponential,-9.200449562958218,370
371,exponential,-11.874386502235675,371
372,exponential,-0.21998643599998768,372
373,exponential,-12.395327749945757,373
374,exponential,-2.2629902412901437,374
375,exponential,-12.32657607052058,375
376,exponential,-9.194502301077975,376
377,exponential,-4.558707629425932,377
378,exponential,inf,378
379,exponential,-3.6596621333125405,379
380,exponential,-10.896649488756998,380
381,exponential,-11.112335876135003,381
382,exponential,-4.561319068145686,382
383,exponential,-12.804513403030452,383
384,exponential,-16.478204242035133,384
385,exponential,-7.996860669083304,385
386,exponential,-18.087195739094128,386
387,exponential,-4.63070005086767,387
388,exponential,-17.426970316493055,388
389,exponential,-4.298069507917413,389
390,exponential,-3.2468407437895284,390
391,exponential,0.7316033791698162,391
392,exponential,-17.383802031761068,392
393,exponential,-9.443194969718144,393
394,exponential,-14.915333371953285,394
395,exponential,-20.314475239545946,395
396,exponential,-17.90692296174735,396
397,exponential,-11.71068220474459,397
398,exponential,-9.286475679207271,398
399,exponential,-17.046002217111482,399
400,exponential,-11.100720438526533,400
401,exponential,-3.9042058892160734,401
402,exponential,-0.49937420751981065,402
403,exponential,-15.290989715306356,403
404,exponential,-7.126670255092158,404
405,exponential,-12.141847756375483,405
406,exponential,-27.927784066349158,406
407,exponential,-1.2819248133078407,407
408,exponential,-18.67801567693679,408
409,exponential,-17.827874530402735,409
410,exponential,-8.347907869776297,410
411,exponential,-7.503180173410767,411
412,exponential,-16.255369230393644,412
413,exponential,-13.506839804069074,413
414,exponential,-21.290441931207372,414
415,exponential,-11.731997450810946,415
416,exponential,-17.157491153944406,416
417,exponential,-18.738077358379112,417
418,exponential,-22.487668980126177,418
419,exponential,-4.950095618345326,419
420,exponential,-12.082662661740546,420
421,exponential,-12.482141733076883,421
422,exponential,-10.730333796208537,422
423,exponential,-8.020931344425215,423
424,exponential,-17.5356548629935,424
425,exponential,-20.435679693521156,425
426,exponential,-20.33522492557981,426
427,exponential,-13.064977301696189,427
428,exponential,-10.818587913368964,428
429,exponential,-19.832118076996217,429
430,exponential,-8.571398686482835,430
431,exponential,-20.798487069267484,431
432,exponential,-21.405294290889824,432
433,exponential,-13.26512765724819,433
434,exponential,inf,434
435,exponential,-23.32593404602468,435
436,exponential,-8.439530963605659,436
437,exponential,-20.632693993026653,437
438,exponential,-22.20606487276316,438
439,exponential,-3.0095843312599655,439
440,exponential,-10.690706601327927,440
441,exponential,-6.537537036098245,441
442,exponential,-2.41325980900395,442
443,exponential,-4.570725716804795,443
444,exponential,-12.931643413073324,444
445,exponential,-19.588397808589054,445
446,exponential,-20.483673846911422,446
447,exponential,-13.40094903022593,447
448,exponential,3.5441374389619282,448
449,exponential,-7.825184309569121,449
450,exponential,-8.423137189324542,450
451,exponential,-12.11847195626201,451
452,exponential,-3.0599140013133024,452
453,exponential,-6.000928379073356,453
454,exponential,-2.798092121646204,454
455,exponential,-7.824346193165146,455
456,exponential,-8.412980284967816,456
457,exponential,-3.9629073873345817,457
458,exponential,-19.755810995665147,458
459,exponential,2.6439660933984044,459
460,exponential,-7.799794107105779,460
461,exponential,-8.612770235436281,461
462,exponential,-10.191725033323284,462
463,exponential,-20.77709421711957,463
464,exponential,-10.612250710590914,464
465,exponential,-2.9313755239883568,465
466,exponential,-12.056890833484438,466
467,exponential,-14.44395649347367,467
468,exponential,-32.31328867111908,468
469,exponential,-5.350857286414472,469
470,exponential,-6.238665653227887,470
471,exponential,-21.17100652397084,471
472,exponential,-16.723841004435762,472
473,exponential,0.052717228971870256,473
474,exponential,-10.823387622607003,474
475,exponential,-20.170662227125785,475
476,exponential,-6.0169507252157555,476
477,exponential,5.827801314990612,477
478,exponential,-4.4268043934825805,478
479,exponential,-10.55139300788074,479
480,exponential,-18.093150550167934,480
481,exponential,-23.642518567196262,481
482,exponential,-12.007444805616867,482
483,exponential,5.250860575233446,483
484,exponential,-17.77628850335073,484
485,exponential,-14.261450798026427,485
486,exponential,-8.464738651348705,486
487,exponential,-19.73151170246175,487
488,exponential,-13.706536194132024,488
489,exponential,-7.4172812240036325,489
490,exponential,-11.321766977845478,490
491,exponential,-24.555229319429156,491
492,exponential,-14.852329915522027,492
493,exponential,-4.5107499884424165,493
494,exponential,-9.86375379893078,494
495,exponential,-13.168612753662277,495
496,exponential,-7.022052986159068,496
497,exponential,-9.690713838464331,497
498,exponential,-5.477285913996292,498
499,exponential,-1.918468083138242,499
500,linear,-3.574757583298016,0
501,linear,-11.177066341060838,1
502,linear,-10.155183858898965,2
503,linear,-1.6900248377396156,3
504,linear,-8.465829961005456,4
505,linear,-10.948245967005136,5
506,linear,-0.21546815424574994,6
507,linear,2.754679471119881,7
508,linear,-10.920047296689393,8
509,linear,-3.5688050287997983,9
510,linear,-6.724506845097775,10
511,linear,-10.81744555332346,11
512,linear,1.633362233728533,12
513,linear,-7.2601686405564365,13
514,linear,-7.7912990480636335,14
515,linear,-8.032547303399912,15
516,linear,-6.121673669602117,16
517,linear,5.619232169599493,17
518,linear,4.039049307319577,18
519,linear,-4.51610658115243,19
520,linear,-3.466243980911808,20
521,linear,-5.681818727096026,21
522,linear,-0.1934165197205706,22
523,linear,-2.44315143378682,23
524,linear,-4.016708453133694,24
525,linear,-1.262911253930186,25
526,linear,-1.5925489042379262,26
527,linear,-13.666910919797544,27
528,linear,-2.110080970551543,28
529,linear,0.31073880000204923,29
530,linear,-2.769227755464259,30
531,linear,-7.0542045419632,31
532,linear,4.185406770305487,32
533,linear,0.09992512107987617,33
534,linear,-9.74096090904409,34
535,linear,-5.85875665760544,35
536,linear,0.025244723724145324,36
537,linear,-7.38439985827242,37
538,linear,-2.4142453176623277,38
539,linear,-8.139751811095447,39
540,linear,-6.069775662456877,40
541,linear,,41
542,linear,-7.0307184877754185,42
543,linear,-1.9069728589960357,43
544,linear,2.2854947415406177,44
545,linear,-4.580387083208567,45
546,linear,-3.109714858909424,46
547,linear,-4.348157453106676,47
548,linear,-3.1711968478710606,48
549,linear,-7.1131732176991544,49
550,linear,-3.39000879390181,50
551,linear,-6.502925591039597,51
552,linear,-6.180539819768148,52
553,linear,-6.4212203703193325,53
554,linear,-3.615383385677667,54
555,linear,-4.048800004775975,55
556,linear,-2.8809782817422294,56
557,linear,-3.621472608218734,57
558,linear,-5.281000535760569,58
559,linear,-2.17965887949207,59
560,linear,-0.5100143546492255,60
561,linear,0.2107272426419109,61
562,linear,-7.3596950999020425,62
563,linear,-2.4908596752524588,63
564,linear,-6.098153223123095,64
565,linear,-5.344488549177006,65
566,linear,-2.0285732441390376,66
567,linear,-7.196540971511807,67
568,linear,-4.459146766019192,68
569,linear,-3.6965836367997653,69
570,linear,-10.292362267199625,70
571,linear,-2.1871388077875498,71
572,linear,-9.39777062122088,72
573,linear,3.213890516216728,73
574,linear,-4.165620744239934,74
575,linear,-11.238518943365229,75
576,linear,-2.066464798913999,76
577,linear,3.7830729994795194,77
578,linear,1.88546697088367,78
579,linear,-2.695042049693126,79
580,linear,-9.160859993634745,80
581,linear,-3.7436065066009157,81
582,linear,-4.81270585745324,82
583,linear,-8.97209742764847,83
584,linear,-6.001943598769431,84
585,linear,-6.967546556097199,85
586,linear,0.03382708670932377,86
587,linear,-5.33487281863723,87
588,linear,-0.3080002103712811,88
589,linear,-9.217676620791945,89
590,linear,-3.349475949016667,90
591,linear,-6.372095597306004,91
592,linear,-8.172344478092656,92
593,linear,-6.1158945260307185,93
594,linear,2.0832377914246987,94
595,linear,-4.825649647832277,95
596,linear,-4.204012404195591,96
597,linear,1.0842500545587712,97
598,linear,-3.701730333353021,98
599,linear,-7.981083974406175,99
600,linear,-2.2110109376052725,100
601,linear,-5.9033201986751696,101
602,linear,-4.733762027652347,102
603,linear,-2.52753759573185,103
604,linear,-5.378482659779818,104
605,linear,0.5773125287254715,105
606,linear,-2.5142127761134665,106
607,linear,-3.898226739981662,107
608,linear,-14.42912567734583,108
609,linear,-10.743315118254406,109
610,linear,-4.464654237673919,110
611,linear,-7.30268192822423,111
612,linear,-1.8625041343687494,112
613,linear,-10.064828860947044,113
614,linear,-4.282064149700043,114
615,linear,-1.6654794849151493,115
616,linear,-7.7403329783909225,116
617,linear,-5.877295014322701,117
618,linear,-6.839108909043693,118
619,linear,-2.7627942906481495,119
620,linear,-2.9465084405306765,120
621,linear,-6.5647758512148595,121
622,linear,-9.407262605615406,122
623,linear,0.10460401469250602,123
624,linear,-8.1485396690032,124
625,linear,-4.617257726293454,125
626,linear,2.755403718475989,126
627,linear,-7.8792393815196675,127
628,linear,-2.38587703280779,128
629,linear,-5.758798328691402,129
630,linear,-6.746589125044675,130
631,linear,0.9392586040968878,131
632,linear,-8.501785626077016,132
633,linear,-0.4436830291302982,133
634,linear,-7.282654589151733,134
635,linear,-2.7174139282068994,135
636,linear,2.64814328865408,136
637,linear,-3.5376265232874733,137
638,linear,-5.45306085957815,138
639,linear,-2.398334854226695,139
640,linear,,140
641,linear,-2.661505089843569,141
642,linear,2.094947079882367,142
643,linear,-0.5031692329645265,143
644,linear,-6.308060511732414,144
645,linear,-5.73470676731063,145
646,linear,-5.512749185794929,146
647,linear,-0.3916449085934204,147
648,linear,-6.255062846658637,148
649,linear,-6.556752431037598,149
650,linear,-8.359233733860771,150
651,linear,1.3394928211613064,151
652,linear,-10.9658431535211,152
653,linear,-4.215851451341939,153
654,linear,-2.8721953424064095,154
655,linear,-9.937952237302511,155
656,linear,-6.113697613312581,156
657,linear,-7.8480463267220735,157
658,linear,-1.9362264460353726,158
659,linear,-6.023377362340561,159
660,linear,-0.6382327292966554,160
661,linear,-6.146677226915127,161
662,linear,-0.519277040965032,162
663,linear,-8.394091933026656,163
664,linear,-7.200566931960756,164
665,linear,-4.559645068656826,165
666,linear,-0.4939517685916277,166
667,linear,-2.555954932266385,167
668,linear,,168
669,linear,-3.7701610730681923,169
670,linear,-7.904694004160801,170
671,linear,0.16482459436646568,171
672,linear,-5.645138265744752,172
673,linear,-0.30841692550438804,173
674,linear,-5.204401301714306,174
675,linear,-4.619745184904184,175
676,linear,3.2188515099971937,176
677,linear,-7.227384405091351,177
678,linear,-8.938152850699295,178
679,linear,2.195907572578081,179
680,linear,-6.918207807264112,180
681,linear,-6.9366349449363955,181
682,linear,1.3811802348326352,182
683,linear,-2.8746861889978996,183
684,linear,-6.775331742880946,184
685,linear,-7.129343890859241,185
686,linear,-6.070585329206743,186
687,linear,-8.610568900468238,187
688,linear,-6.03341214833503,188
689,linear,-3.6213983614146006,189
690,linear,0.1717436920325408,190
691,linear,-3.8809471591650233,191
692,linear,0.9763904840713877,192
693,linear,-2.232462615143877,193
694,linear,-5.880374183009259,194
695,linear,-1.4409901916811307,195
696,linear,-3.864116717064179,196
697,linear,-4.983769190529911,197
698,linear,2.2781908453379756,198
699,linear,-7.573091113200563,199
700,linear,-10.039536722038958,200
701,linear,-5.2589744028314165,201
702,linear,-2.1130393466427444,202
703,linear,-2.7823544882507303,203
704,linear,-9.809970313275237,204
705,linear,-7.530912049228698,205
706,linear,-2.341998099965708,206
707,linear,-4.823571240169709,207
708,linear,-5.230959910104394,208
709,linear,-13.437511076869495,209
710,linear,-1.9913989381423365,210
711,linear,-1.0825128856096535,211
712,linear,-2.840293519459925,212
713,linear,6.017510538478135,213
714,linear,-4.438922374290165,214
715,linear,-1.8128791415599697,215
716,linear,-0.619028218508916,216
717,linear,-9.831640798929095,217
718,linear,-2.5546437775865485,218
719,linear,-1.5255516175141368,219
720,linear,-4.710902041230897,220
721,linear,-18.682602250120183,221
722,linear,-8.650232922525714,222
723,linear,-7.078545979853901,223
724,linear,-4.757664786522266,224
725,linear,3.5140783366721986,225
726,linear,-4.438451448165967,226
727,linear,-4.5597368000267195,227
728,linear,-0.14228475043000888,228
729,linear,-4.530970346040016,229
730,linear,7.815926177242166,230
731,linear,-7.406428317831612,231
732,linear,0.32204028968064335,232
733,linear,-4.747493818677446,233
734,linear,5.228427255299524,234
735,linear,5.813650730229405,235
736,linear,-2.545067543726894,236
737,linear,-5.315617354759558,237
738,linear,-4.885574229175436,238
739,linear,-11.436260059861947,239
740,linear,-4.435510233814442,240
741,linear,-7.2570204555763365,241
742,linear,-6.439087341493462,242
743,linear,4.24065175881638,243
744,linear,-9.26502606261829,244
745,linear,-7.516313047606218,245
746,linear,-4.43439404807579,246
747,linear,-2.992144466839095,247
748,linear,-0.4318652774534737,248
749,linear,4.941608668584241,249
750,linear,-7.014774093029109,250
751,linear,1.594254585594463,251
752,linear,-3.283727537775393,252
753,linear,-6.544852429213506,253
754,linear,-6.016285463147231,254
755,linear,7.234885848520062,255
756,linear,-1.7825241688410385,256
757,linear,-2.4146160498417046,257
758,linear,-5.753911977575912,258
759,linear,-0.23850640614270535,259
760,linear,,260
761,linear,-6.010628208435991,261
762,linear,-0.7853016523416647,262
763,linear,-6.59319261801728,263
764,linear,-4.9056938047080045,264
765,linear,-3.641643274792356,265
766,linear,5.206233263621693,266
767,linear,-12.995474458903981,267
768,linear,9.691682748017884,268
769,linear,-9.491888550816093,269
770,linear,-7.027558967418889,270
771,linear,-4.23254604964591,271
772,linear,-0.43380945064247367,272
773,linear,2.1345597578816164,273
774,linear,-4.592419232506101,274
775,linear,-13.147090364457387,275
776,linear,5.3138400659949205,276
777,linear,-4.221012141166323,277
778,linear,-7.558592615151975,278
779,linear,2.815062130713309,279
780,linear,-0.7057157957194296,280
781,linear,0.047071854528065504,281
782,linear,0.7972853891418836,282
783,linear,-3.3790379415422267,283
784,linear,-5.984382245314453,284
785,linear,-3.1698690028799374,285
786,linear,-3.9402213085434585,286
787,linear,6.280181964267764,287
788,linear,-8.329705467162428,288
789,linear,-6.51483413017904,289
790,linear,-0.3377725052348932,290
791,linear,-6.940656066911847,291
792,linear,-6.686528597113886,292
793,linear,1.4942593375251403,293
794,linear,-0.7749785224395458,294
795,linear,-2.711950751963667,295
796,linear,-3.4901783819633136,296
797,linear,3.531424640856417,297
798,linear,-2.107985928267243,298
799,linear,-6.030939656115343,299
800,linear,-10.576074279515524,300
801,linear,1.9553263947429236,301
802,linear,-3.0522838905102443,302
803,linear,-5.322286924522658,303
804,linear,-0.6385990354103726,304
805,linear,-5.6658155932887375,305
806,linear,1.1123253064685859,306
807,linear,-12.776780236167365,307
808,linear,-0.8577499313952472,308
809,linear,-4.566882518763087,309
810,linear,-7.103254621542268,310
811,linear,-6.564665859261151,311
812,linear,-7.148025305009874,312
813,linear,-6.5433310845191635,313
814,linear,-4.711970887439225,314
815,linear,1.1953982191843537,315
816,linear,-3.7874413528689717,316
817,linear,-6.248620735179735,317
818,linear,-4.0932228435891105,318
819,linear,-8.383576887024496,319
820,linear,-4.380500209850068,320
821,linear,3.2938095917942958,321
822,linear,-1.1311373111240943,322
823,linear,,323
824,linear,-5.112388920657409,324
825,linear,-5.7997102512512235,325
826,linear,-3.957453535526426,326
827,linear,0.1470877962599113,327
828,linear,-6.773500730973371,328
829,linear,-1.3213377807634448,329
830,linear,-2.121843387364706,330
831,linear,-4.191718004649498,331
832,linear,-2.391700266805758,332
833,linear,-5.064539633792792,333
834,linear,,334
835,linear,-3.4614728514852278,335
836,linear,-5.217227370188818,336
837,linear,8.756212713102657,337
838,linear,-12.38711864767285,338
839,linear,-8.609992213356122,339
840,linear,-0.3058718724834293,340
841,linear,-2.878514713502601,341
842,linear,2.427760399725323,342
843,linear,-7.003015728560216,343
844,linear,-1.288570113178329,344
845,linear,-8.69022897710185,345
846,linear,-5.511088512180681,346
847,linear,8.715121899137875,347
848,linear,-7.7136397481037555,348
849,linear,-1.6084558283155816,349
850,linear,9.716011348989952,350
851,linear,-3.6331396134287903,351
852,linear,-1.2026271193440232,352
853,linear,0.9698364560926147,353
854,linear,-7.0518405266443445,354
855,linear,-6.226816751135853,355
856,linear,-3.5684048515216844,356
857,linear,5.9467862770098865,357
858,linear,-6.832417221692271,358
859,linear,-0.06410955817073383,359
860,linear,8.52302027408394,360
861,linear,-5.692501069894185,361
862,linear,-6.3444364583786665,362
863,linear,-7.396680051006676,363
864,linear,3.090238934522677,364
865,linear,-0.50080730691732,365
866,linear,-9.062174882779084,366
867,linear,-9.477405008147368,367
868,linear,-3.1841488359195225,368
869,linear,-4.965782040368364,369
870,linear,-0.5591002715472841,370
871,linear,-5.4712952520151035,371
872,linear,1.2929851364469438,372
873,linear,-2.909269696809001,373
874,linear,0.658661450568558,374
875,linear,-4.299029461219845,375
876,linear,-4.593556434592486,376
877,linear,-1.4108706053180544,377
878,linear,,378
879,linear,-1.5678823841935623,379
880,linear,-2.8214764703101762,380
881,linear,-5.351473464383838,381
882,linear,-1.4495666956243118,382
883,linear,-5.328974797889103,383
884,linear,-5.729317568993499,384
885,linear,-3.485550588251354,385
886,linear,-5.367598688609474,386
887,linear,-2.7301500109748904,387
888,linear,-3.6635936321141873,388
889,linear,-0.4987943739194609,389
890,linear,2.284083021761403,390
891,linear,2.4497442254508464,391
892,linear,-7.595623868580899,392
893,linear,-2.5163377869279344,393
894,linear,-3.8711226614702925,394
895,linear,-6.340783484951665,395
896,linear,-7.525124303369724,396
897,linear,-5.072472633520924,397
898,linear,-1.7860205353810832,398
899,linear,-4.723224588435869,399
900,linear,1.5708316330097736,400
901,linear,0.6616732270673817,401
902,linear,2.651788035738012,402
903,linear,-5.710575791420874,403
904,linear,-5.046415859986887,404
905,linear,-4.906121556133408,405
906,linear,-11.031451412395384,406
907,linear,1.594640832739867,407
908,linear,-4.073502827483045,408
909,linear,-15.48851571827047,409
910,linear,0.47232319356671004,410
911,linear,-1.5275929001967796,411
912,linear,-7.982140174852146,412
913,linear,-5.166504433697149,413
914,linear,-6.264218920907005,414
915,linear,-6.480159738457015,415
916,linear,-6.908506574488806,416
917,linear,-4.9072876697144565,417
918,linear,-9.798157792774587,418
919,linear,-0.3460271037023306,419
920,linear,-1.3707769263566867,420
921,linear,-8.92984940360842,421
922,linear,-3.9488923392785065,422
923,linear,-0.3721225955690466,423
924,linear,-7.491279538391661,424
925,linear,-6.581121749388858,425
926,linear,-8.872644934038064,426
927,linear,-8.43170461442278,427
928,linear,-4.463631823895097,428
929,linear,-5.437977332704708,429
930,linear,-2.1608274279159927,430
931,linear,-6.499325890997861,431
932,linear,-5.737993690885739,432
933,linear,0.005895455772833458,433
934,linear,,434
935,linear,-8.195035524358033,435
936,linear,-4.652210954800086,436
937,linear,-6.985659864791076,437
938,linear,-7.475501264342114,438
939,linear,-0.27472160501803256,439
940,linear,-4.184798595744702,440
941,linear,-3.8105010118329385,441
942,linear,0.6447467529745676,442
943,linear,-1.573542192463779,443
944,linear,-5.058924741363722,444
945,linear,-8.3309609172452,445
946,linear,-7.461247549902058,446
947,linear,-7.643059561857795,447
948,linear,6.536557860343941,448
949,linear,-1.7054764229794968,449
950,linear,-1.2324939462545697,450
951,linear,-6.097416126331481,451
952,linear,1.6174741227651985,452
953,linear,1.151226553947588,453
954,linear,-0.2567859266192425,454
955,linear,-4.324922035600736,455
956,linear,-2.4164656566620284,456
957,linear,-0.6121728250491829,457
958,linear,-6.375742202047016,458
959,linear,3.6958567327199976,459
960,linear,0.5351365769335215,460
961,linear,-1.2526818055445608,461
962,linear,-2.3871326477152355,462
963,linear,-7.03962594215691,463
964,linear,-4.091082831358339,464
965,linear,-2.1056316097977055,465
966,linear,-7.971306948512808,466
967,linear,-4.83001835708002,467
968,linear,-11.925481671169015,468
969,linear,-1.914428932581556,469
970,linear,1.262983754315628,470
971,linear,-11.887118013873959,471
972,linear,-4.271230659108776,472
973,linear,1.0701778827356039,473
974,linear,-2.3550674181200906,474
975,linear,-5.473124208559415,475
976,linear,-6.2652016343007,476
977,linear,6.649965979998692,477
978,linear,0.5936235287767948,478
979,linear,-3.388726471396142,479
980,linear,-1.9938205042015902,480
981,linear,-7.633664761347484,481
982,linear,-4.133453719591325,482
983,linear,9.474061185125244,483
984,linear,-9.439582270323896,484
985,linear,-3.6384705770457364,485
986,linear,-0.816537957426279,486
987,linear,-8.464885011683494,487
988,linear,-4.667002609851572,488
989,linear,-2.359718211995176,489
990,linear,-3.769197740085966,490
991,linear,-9.377813306624741,491
992,linear,-5.720542161637795,492
993,linear,0.5778373773666989,493
994,linear,-0.6058795170848352,494
995,linear,-5.434427301744915,495
996,linear,0.8197382484397129,496
997,linear,-3.4970560604811887,497
998,linear,-0.3447255801040505,498
999,linear,0.23137105180794304,499
1000,quadratic,-3.744216700283811,0
1001,quadratic,6.694581438264505,1
1002,quadratic,14.15975817111559,2
1003,quadratic,-1.972181810304253,3
1004,quadratic,-12.050409566470446,4
1005,quadratic,12.206575599753204,5
1006,quadratic,7.216548516877357,6
1007,quadratic,-5.190460299581273,7
1008,quadratic,-11.002743155661307,8
1009,quadratic,7.322543665268832,9
1010,quadratic,12.8174159500182,10
1011,quadratic,6.447600328600578,11
1012,quadratic,11.507073462787549,12
1013,quadratic,-15.845221954722984,13
1014,quadratic,-15.067014462299142,14
1015,quadratic,-26.302537493752673,15
1016,quadratic,9.488186079553394,16
1017,quadratic,8.824544839112907,17
1018,quadratic,4.9468572261581905,18
1019,quadratic,-10.409348645867997,19
1020,quadratic,-3.4521977868492506,20
1021,quadratic,8.459752891236812,21
1022,quadratic,1.4484269162997938,22
1023,quadratic,-11.566795775551189,23
1024,quadratic,-9.340999217750946,24
1025,quadratic,15.471460874663762,25
1026,quadratic,22.367951823561043,26
1027,quadratic,14.341175718455851,27
1028,quadratic,8.2897374233396,28
1029,quadratic,4.599074804860448,29
1030,quadratic,9.220794338268082,30
1031,quadratic,-14.370194649693786,31
1032,quadratic,13.647086737990339,32
1033,quadratic,11.483742008403262,33
1034,quadratic,16.089034705662172,34
1035,quadratic,-9.092239473271732,35
1036,quadratic,12.859159209233887,36
1037,quadratic,-10.37120201701326,37
1038,quadratic,21.312642716568817,38
1039,quadratic,16.93121355886516,39
1040,quadratic,14.876788481699144,40
1041,quadratic,,41
1042,quadratic,-10.345081140848905,42
1043,quadratic,-11.227770205849719,43
1044,quadratic,17.8857721114128,44
1045,quadratic,-11.756192994608568,45
1046,quadratic,-9.53063141068033,46
1047,quadratic,-8.97592232820175,47
1048,quadratic,-19.05191177796772,48
1049,quadratic,12.932106430548505,49
1050,quadratic,9.876100064169634,50
1051,quadratic,7.346101732228179,51
1052,quadratic,-11.991133559717888,52
1053,quadratic,6.9516738380837975,53
1054,quadratic,-4.827439343609782,54
1055,quadratic,-13.445423688397597,55
1056,quadratic,11.970504961307205,56
1057,quadratic,8.756930049654422,57
1058,quadratic,-10.198194866013072,58
1059,quadratic,4.412963027527926,59
1060,quadratic,6.45807178780779,60
1061,quadratic,-1.4339577904511494,61
1062,quadratic,7.095431750953265,62
1063,quadratic,12.482799027669728,63
1064,quadratic,-9.10852616727197,64
1065,quadratic,-5.589598137300621,65
1066,quadratic,5.955579409551605,66
1067,quadratic,10.304230783610851,67
1068,quadratic,-11.082270165991442,68
1069,quadratic,-4.6943800616868305,69
1070,quadratic,7.015097331599773,70
1071,quadratic,-10.902090035663587,71
1072,quadratic,-8.387620869494402,72
1073,quadratic,11.614496172410458,73
1074,quadratic,-12.576880933080275,74
1075,quadratic,-28.250481090338198,75
1076,quadratic,-9.885064732065416,76
1077,quadratic,5.056323878562412,77
1078,quadratic,12.295170692083204,78
1079,quadratic,12.28475105959428,79
1080,quadratic,-13.231996923930687,80
1081,quadratic,-3.298707514774751,81
1082,quadratic,14.345217722551544,82
1083,quadratic,6.590398439099156,83
1084,quadratic,11.727410861745284,84
1085,quadratic,-13.34457103808122,85
1086,quadratic,7.308060418943768,86
1087,quadratic,8.877459519313165,87
1088,quadratic,14.717335024875622,88
1089,quadratic,-13.216348260064589,89
1090,quadratic,7.645330997068102,90
1091,quadratic,8.903601452340178,91
1092,quadratic,-15.892220618231477,92
1093,quadratic,-9.417232175306374,93
1094,quadratic,14.090485233372563,94
1095,quadratic,-11.59514159875092,95
1096,quadratic,11.60724844562317,96
1097,quadratic,21.26881687796515,97
1098,quadratic,-2.5474530615502644,98
1099,quadratic,10.244024799166331,99
1100,quadratic,5.947697328951438,100
1101,quadratic,-19.761267476671854,101
1102,quadratic,-12.305056778615743,102
1103,quadratic,-7.426126217678291,103
1104,quadratic,8.416935018724452,104
1105,quadratic,11.700877910761193,105
1106,quadratic,7.902206271160254,106
1107,quadratic,-9.439515090014549,107
1108,quadratic,12.374030049101417,108
1109,quadratic,8.904833393600239,109
1110,quadratic,10.090788069424278,110
1111,quadratic,16.52314933253725,111
1112,quadratic,-5.91240885900044,112
1113,quadratic,13.145814484144609,113
1114,quadratic,8.2586421601201,114
1115,quadratic,12.862693062303737,115
1116,quadratic,-12.869217546382608,116
1117,quadratic,-5.941290992606586,117
1118,quadratic,-12.800549294757165,118
1119,quadratic,10.211166168029552,119
1120,quadratic,5.028871302586283,120
1121,quadratic,7.502759229770783,121
1122,quadratic,14.348608194189362,122
1123,quadratic,11.523995911202675,123
1124,quadratic,-14.294742713948462,124
1125,quadratic,12.052383875056831,125
1126,quadratic,20.993707620450408,126
1127,quadratic,-14.19804835364451,127
1128,quadratic,10.60271875174622,128
1129,quadratic,7.246246212638172,129
1130,quadratic,-13.14457350616734,130
1131,quadratic,5.308656379942407,131
1132,quadratic,8.32115069127018,132
1133,quadratic,11.004541557378495,133
1134,quadratic,8.276854202398882,134
1135,quadratic,-15.070714058787406,135
1136,quadratic,-8.157633818315352,136
1137,quadratic,4.90062511440015,137
1138,quadratic,9.0865563512952,138
1139,quadratic,9.910176771591466,139
1140,quadratic,,140
1141,quadratic,-3.0718851652089594,141
1142,quadratic,17.130681034697506,142
1143,quadratic,8.40313054394071,143
1144,quadratic,10.008936526337923,144
1145,quadratic,-7.245616048319034,145
1146,quadratic,-7.426997419354105,146
1147,quadratic,15.03564784124858,147
1148,quadratic,5.7417905951368615,148
1149,quadratic,6.745613773662953,149
1150,quadratic,-15.32226691468854,150
1151,quadratic,13.247675081163973,151
1152,quadratic,6.1687051736095055,152
1153,quadratic,9.375357237123083,153
1154,quadratic,-15.12459174850365,154
1155,quadratic,-17.106501855089004,155
1156,quadratic,-12.328606119263224,156
1157,quadratic,5.58370176349033,157
1158,quadratic,4.146463909196888,158
1159,quadratic,-14.541829345947125,159
1160,quadratic,10.284063249852274,160
1161,quadratic,13.175829546783135,161
1162,quadratic,-6.864616605440919,162
1163,quadratic,-9.837880161195883,163
1164,quadratic,6.726758373392049,164
1165,quadratic,6.992144892702832,165
1166,quadratic,10.51160427642247,166
1167,quadratic,-18.786050293414984,167
1168,quadratic,,168
1169,quadratic,-11.762578518082599,169
1170,quadratic,9.345428841699007,170
1171,quadratic,-0.002259233570597985,171
1172,quadratic,-10.484952968380824,172
1173,quadratic,-7.825005863791715,173
1174,quadratic,6.527483721705303,174
1175,quadratic,4.81040216770387,175
1176,quadratic,15.544006879730404,176
1177,quadratic,6.564146612073706,177
1178,quadratic,12.834426660614035,178
1179,quadratic,13.272870035585987,179
1180,quadratic,-8.96781409851241,180
1181,quadratic,4.232845604928114,181
1182,quadratic,10.365694259040437,182
1183,quadratic,-1.3609018186621196,183
1184,quadratic,-9.33461396893727,184
1185,quadratic,-13.584300407075425,185
1186,quadratic,11.66126330172498,186
1187,quadratic,13.21567861820892,187
1188,quadratic,-11.821713588873923,188
1189,quadratic,11.04890133562662,189
1190,quadratic,16.278053170158877,190
1191,quadratic,-15.523369799028082,191
1192,quadratic,7.77959373538194,192
1193,quadratic,9.51485870874825,193
1194,quadratic,-10.151555492298787,194
1195,quadratic,-11.137494558592053,195
1196,quadratic,-7.24808295093219,196
1197,quadratic,-18.951281335096837,197
1198,quadratic,19.615999186177124,198
1199,quadratic,12.800312305404297,199
1200,quadratic,-22.135878593591038,200
1201,quadratic,-6.799164069136481,201
1202,quadratic,6.141828754003529,202
1203,quadratic,-6.8638329870583945,203
1204,quadratic,-16.93181410157792,204
1205,quadratic,-15.422818091455692,205
1206,quadratic,19.086965666474818,206
1207,quadratic,9.212518680490275,207
1208,quadratic,8.800517479060094,208
1209,quadratic,-23.454645643816022,209
1210,quadratic,-3.3530020769027935,210
1211,quadratic,12.367667304537466,211
1212,quadratic,-9.614747242291987,212
1213,quadratic,0.1568000514111958,213
1214,quadratic,-3.8141477215885047,214
1215,quadratic,10.346969494936173,215
1216,quadratic,14.171889395289256,216
1217,quadratic,-11.550216611962565,217
1218,quadratic,-11.64391940257537,218
1219,quadratic,10.472148046006964,219
1220,quadratic,16.245492908365282,220
1221,quadratic,12.441042943252679,221
1222,quadratic,11.719557294705805,222
1223,quadratic,5.32395111252852,223
1224,quadratic,-9.764520519805131,224
1225,quadratic,5.127758366000733,225
1226,quadratic,-9.942198462270676,226
1227,quadratic,-7.972779454312279,227
1228,quadratic,6.792006888638412,228
1229,quadratic,-7.590251118230453,229
1230,quadratic,13.586343392464782,230
1231,quadratic,-15.887763053637627,231
1232,quadratic,-1.4016811574988637,232
1233,quadratic,-9.375682827791486,233
1234,quadratic,15.33808012109401,234
1235,quadratic,16.0101049800857,235
1236,quadratic,-11.947232579421168,236
1237,quadratic,-10.06871435931064,237
1238,quadratic,8.220754570058768,238
1239,quadratic,8.064946627234761,239
1240,quadratic,9.682267756574827,240
1241,quadratic,16.646719695073003,241
1242,quadratic,-14.542410751116428,242
1243,quadratic,13.007812946445032,243
1244,quadratic,11.759830831422606,244
1245,quadratic,-9.573867594235155,245
1246,quadratic,8.402129340801345,246
1247,quadratic,-5.719407988238489,247
1248,quadratic,0.28672574304144227,248
1249,quadratic,17.09121212281977,249
1250,quadratic,10.272445374635634,250
1251,quadratic,14.293469250334036,251
1252,quadratic,11.747335591720445,252
1253,quadratic,7.668356729579884,253
1254,quadratic,-14.868334437490997,254
1255,quadratic,14.7096934069048,255
1256,quadratic,6.475038037299855,256
1257,quadratic,12.14461517855668,257
1258,quadratic,10.472889041070058,258
1259,quadratic,-9.402001519133849,259
1260,quadratic,,260
1261,quadratic,9.07658460585693,261
1262,quadratic,4.6110669906477835,262
1263,quadratic,8.094997656142526,263
1264,quadratic,-12.179718825649111,264
1265,quadratic,7.56120001361528,265
1266,quadratic,15.821386973390824,266
1267,quadratic,13.657509237475626,267
1268,quadratic,11.274490561721958,268
1269,quadratic,-14.727946341986573,269
1270,quadratic,15.356192474934003,270
1271,quadratic,8.297407413371326,271
1272,quadratic,11.522952533845663,272
1273,quadratic,11.981741651268292,273
1274,quadratic,-14.189587971934394,274
1275,quadratic,10.526780597789134,275
1276,quadratic,12.289210255340135,276
1277,quadratic,8.225111619901805,277
1278,quadratic,12.055200984396878,278
1279,quadratic,-3.7007612552572517,279
1280,quadratic,6.2346436024970515,280
1281,quadratic,13.839470188091195,281
1282,quadratic,9.888066421092821,282
1283,quadratic,9.207425311685046,283
1284,quadratic,-7.543193997120698,284
1285,quadratic,4.05297488743083,285
1286,quadratic,9.270363208912627,286
1287,quadratic,8.3332593360093,287
1288,quadratic,-13.767799903648832,288
1289,quadratic,-6.543443759114442,289
1290,quadratic,12.147909230752926,290
1291,quadratic,7.179981337936368,291
1292,quadratic,-9.778348296587756,292
1293,quadratic,-3.9587882646866195,293
1294,quadratic,-8.035010109345894,294
1295,quadratic,-6.661602185010068,295
1296,quadratic,-4.743819176069518,296
1297,quadratic,11.926596457343942,297
1298,quadratic,8.76942641172931,298
1299,quadratic,-15.08658832495344,299
1300,quadratic,10.36383749083745,300
1301,quadratic,11.542811274724185,301
1302,quadratic,10.236162259739725,302
1303,quadratic,-6.0514535907667515,303
1304,quadratic,1.3226818464129177,304
1305,quadratic,-9.916365509279931,305
1306,quadratic,0.3242059804470383,306
1307,quadratic,-15.989314204406682,307
1308,quadratic,-17.228272305048527,308
1309,quadratic,5.27120235013997,309
1310,quadratic,-15.672089971045935,310
1311,quadratic,9.699811264222536,311
1312,quadratic,10.670528468736762,312
1313,quadratic,-7.331623188811474,313
1314,quadratic,-14.990036325228562,314
1315,quadratic,12.573173624822871,315
1316,quadratic,-10.250261176909135,316
1317,quadratic,5.424168993386942,317
1318,quadratic,-10.93171613862425,318
1319,quadratic,10.449001565278568,319
1320,quadratic,-12.635503317309901,320
1321,quadratic,14.622016502492977,321
1322,quadratic,6.097039530462637,322
1323,quadratic,,323
1324,quadratic,-8.02343403993289,324
1325,quadratic,10.504621612128762,325
1326,quadratic,-20.624395653569486,326
1327,quadratic,10.261258319509373,327
1328,quadratic,-10.611199788801652,328
1329,quadratic,-14.263604568776646,329
1330,quadratic,11.565424532816632,330
1331,quadratic,6.1160869783231515,331
1332,quadratic,13.489734725972653,332
1333,quadratic,-6.453416877547053,333
1334,quadratic,,334
1335,quadratic,7.6877323144070715,335
1336,quadratic,13.436285379249128,336
1337,quadratic,6.772626422055046,337
1338,quadratic,-15.90251722803329,338
1339,quadratic,8.923957249487678,339
1340,quadratic,-5.083062996850453,340
1341,quadratic,-5.361122272800847,341
1342,quadratic,-5.372407444678007,342
1343,quadratic,-15.812389619683373,343
1344,quadratic,14.97531351770981,344
1345,quadratic,-15.792161326238919,345
1346,quadratic,-8.439430338665549,346
1347,quadratic,7.043153446120012,347
1348,quadratic,-14.99015756071822,348
1349,quadratic,-5.20564498523488,349
1350,quadratic,13.58934381128482,350
1351,quadratic,-3.5939683762273713,351
1352,quadratic,7.169347046438503,352
1353,quadratic,-4.235989317491599,353
1354,quadratic,-15.875599689735271,354
1355,quadratic,5.150247046548833,355
1356,quadratic,5.930215756218025,356
1357,quadratic,3.5749638018015846,357
1358,quadratic,8.144998211780738,358
1359,quadratic,9.404531151385097,359
1360,quadratic,21.290937737620332,360
1361,quadratic,9.748083321416292,361
1362,quadratic,14.664787669210293,362
1363,quadratic,5.157337327997002,363
1364,quadratic,1.4978467966436648,364
1365,quadratic,7.647605444781526,365
1366,quadratic,6.921671542444639,366
1367,quadratic,14.305876357696656,367
1368,quadratic,9.374732689046608,368
1369,quadratic,-7.606862082440367,369
1370,quadratic,10.175741910434862,370
1371,quadratic,12.646370885858222,371
1372,quadratic,12.876476315485412,372
1373,quadratic,-7.635950979011513,373
1374,quadratic,12.629351297818623,374
1375,quadratic,5.745847273448426,375
1376,quadratic,-6.76500566011252,376
1377,quadratic,-2.787138373673729,377
1378,quadratic,,378
1379,quadratic,-0.9742014952816538,379
1380,quadratic,10.941269391559423,380
1381,quadratic,17.18333399834897,381
1382,quadratic,-1.233934907211606,382
1383,quadratic,-12.699162274684344,383
1384,quadratic,-11.696472658778639,384
1385,quadratic,13.019607979727704,385
1386,quadratic,-15.468118953188409,386
1387,quadratic,11.618371845982328,387
1388,quadratic,-11.40888887063636,388
1389,quadratic,10.39635810384741,389
1390,quadratic,14.326317831261763,390
1391,quadratic,3.602670897168728,391
1392,quadratic,-13.87021001225946,392
1393,quadratic,12.091275574220166,393
1394,quadratic,6.366371747092174,394
1395,quadratic,-15.154169492568823,395
1396,quadratic,-14.086640219117765,396
1397,quadratic,-6.772147380273584,397
1398,quadratic,7.208003213595119,398
1399,quadratic,-15.612463197769067,399
1400,quadratic,6.79161334817218,400
1401,quadratic,12.126926185829177,401
1402,quadratic,13.49873119708154,402
1403,quadratic,5.820894390843856,403
1404,quadratic,14.696298604539551,404
1405,quadratic,-7.442727928753692,405
1406,quadratic,-21.359679883197117,406
1407,quadratic,1.288320139055724,407
1408,quadratic,-15.477927339124918,408
1409,quadratic,15.512560646962935,409
1410,quadratic,13.57054609198071,410
1411,quadratic,9.36505447004519,411
1412,quadratic,-11.254413137133074,412
1413,quadratic,7.741895069996423,413
1414,quadratic,-17.920405375305716,414
1415,quadratic,9.700340735048051,415
1416,quadratic,6.310837221712828,416
1417,quadratic,-13.043308720002635,417
1418,quadratic,7.668425347463071,418
1419,quadratic,10.639261637104116,419
1420,quadratic,7.866197281416111,420
1421,quadratic,-10.50789898502044,421
1422,quadratic,-8.617643327870725,422
1423,quadratic,-3.399982581429043,423
1424,quadratic,6.011557118151473,424
1425,quadratic,-13.941316054377491,425
1426,quadratic,7.98105826077093,426
1427,quadratic,-10.088495502939367,427
1428,quadratic,-17.48097590462934,428
1429,quadratic,-19.838898444775822,429
1430,quadratic,8.516934582092672,430
1431,quadratic,-12.757536817916996,431
1432,quadratic,-19.33782026291211,432
1433,quadratic,-10.869655006146015,433
1434,quadratic,,434
1435,quadratic,-21.70391744828799,435
1436,quadratic,-4.483476041450787,436
1437,quadratic,-19.773145945180723,437
1438,quadratic,-17.897406354012983,438
1439,quadratic,12.129303505334743,439
1440,quadratic,-8.263153042454014,440
1441,quadratic,-3.2853865879993585,441
1442,quadratic,11.31186550231449,442
1443,quadratic,-1.7004138563026343,443
1444,quadratic,9.3704224946812,444
1445,quadratic,-15.513062912480091,445
1446,quadratic,8.105250937440474,446
1447,quadratic,-10.102227518552638,447
1448,quadratic,13.76632413304111,448
1449,quadratic,6.480360112815952,449
1450,quadratic,9.359445861668137,450
1451,quadratic,-7.507235850289394,451
1452,quadratic,9.870127195349157,452
1453,quadratic,6.094726690998789,453
1454,quadratic,12.043878419317561,454
1455,quadratic,14.752892767613334,455
1456,quadratic,-11.611242450651808,456
1457,quadratic,-3.7086668511095766,457
1458,quadratic,-15.598464090242139,458
1459,quadratic,17.47459721634247,459
1460,quadratic,8.719136201417934,460
1461,quadratic,-12.488503343953127,461
1462,quadratic,8.230874386504885,462
1463,quadratic,5.913242244070319,463
1464,quadratic,-11.099746796155905,464
1465,quadratic,15.390015983778305,465
1466,quadratic,-10.823094763430717,466
1467,quadratic,-9.303887976536334,467
1468,quadratic,-30.387570480069975,468
1469,quadratic,9.03393211636182,469
1470,quadratic,-6.080951519082069,470
1471,quadratic,-17.80760579200883,471
1472,quadratic,7.138894946066815,472
1473,quadratic,2.49171346345815,473
1474,quadratic,-7.484942490080929,474
1475,quadratic,8.151243268175152,475
1476,quadratic,-4.291388664650139,476
1477,quadratic,8.323001624443496,477
1478,quadratic,6.738933244658632,478
1479,quadratic,7.4439705700154,479
1480,quadratic,9.586276312309208,480
1481,quadratic,-18.866863069580532,481
1482,quadratic,10.064318484665515,482
1483,quadratic,13.542610828657054,483
1484,quadratic,7.125395287454365,484
1485,quadratic,8.667930022338778,485
1486,quadratic,-9.99942489364507,486
1487,quadratic,-13.632198665130279,487
1488,quadratic,-8.17283976267705,488
1489,quadratic,16.349151817223245,489
1490,quadratic,-6.238422569436278,490
1491,quadratic,-18.858177645286684,491
1492,quadratic,-12.178249871158204,492
1493,quadratic,-2.875362965365788,493
1494,quadratic,-18.031948008791396,494
1495,quadratic,-8.131441378108615,495
1496,quadratic,13.584252455990415,496
1497,quadratic,5.576953467427198,497
1498,quadratic,6.643530971749566,498
1499,quadratic,13.075498521153051,499
1500,power law,-3.9879618087031155,0
1501,power law,-15.144071092179864,1
1502,power law,-13.252004515527975,2
1503,power law,-1.433657882524824,3
1504,power law,-13.439386839091036,4
1505,power law,-12.349158458736209,5
1506,power law,-4.704144148678532,6
1507,power law,-0.375983902252953,7
1508,power law,-11.491331964718533,8
1509,power law,-8.204598210441288,9
1510,power law,-6.654353654587728,10
1511,power law,-18.112567392032837,11
1512,power law,1.497733105514662,12
1513,power law,-17.720548947972333,13
1514,power law,-16.694154922229654,14
1515,power law,-26.035035905823605,15
1516,power law,-9.043375942608629,16
1517,power law,4.154174420435379,17
1518,power law,4.62366259774962,18
1519,power law,-10.76078975683502,19
1520,power law,-3.296626782678713,20
1521,power law,-11.919414035419376,21
1522,power law,1.5792857784124488,22
1523,power law,-6.7002913867081535,23
1524,power law,-10.666690457435209,24
1525,power law,-0.09917398183181092,25
1526,power law,0.5789716035000909,26
1527,power law,-11.698237826814605,27
1528,power law,-5.522528877888803,28
1529,power law,-8.307852243548613,29
1530,power law,-5.0092041493604675,30
1531,power law,-14.8907992113202,31
1532,power law,1.9134588139640103,32
1533,power law,0.037038390162402735,33
1534,power law,-7.737192953834702,34
1535,power law,-10.4568025917491,35
1536,power law,0.227134150396755,36
1537,power law,-12.086442533178854,37
1538,power law,0.18867631849765765,38
1539,power law,-6.291953450201689,39
1540,power law,-4.492594264789055,40
1541,power law,,41
1542,power law,-11.675896754245827,42
1543,power law,-6.624981443219141,43
1544,power law,1.5738579712866407,44
1545,power law,-9.911531753609923,45
1546,power law,-8.822165004691382,46
1547,power law,-9.944273463203409,47
1548,power law,-16.561625393877243,48
1549,power law,-11.061879852756576,49
1550,power law,-6.416100095690169,50
1551,power law,-17.233390631110105,51
1552,power law,-14.925550146588755,52
1553,power law,-18.06869011457988,53
1554,power law,-5.162384508701054,54
1555,power law,-13.754928168130146,55
1556,power law,-2.82476997529392,56
1557,power law,-11.426907061069624,57
1558,power law,-12.250841758151736,58
1559,power law,-11.915842277841072,59
1560,power law,-10.737264890902058,60
1561,power law,-0.14082396345621717,61
1562,power law,-16.415214713706412,62
1563,power law,-4.855222721144887,63
1564,power law,-10.296437312990342,64
1565,power law,-6.236155520792105,65
1566,power law,-8.453809578006767,66
1567,power law,-14.09879022510135,67
1568,power law,-9.911953121322025,68
1569,power law,-3.8140673641194756,69
1570,power law,-19.038010896212608,70
1571,power law,-10.468585550240245,71
1572,power law,-8.082752435041275,72
1573,power law,2.732376204951973,73
1574,power law,-12.28340134191717,74
1575,power law,-26.808260061147344,75
1576,power law,-6.860427975152001,76
1577,power law,4.829092645076235,77
1578,power law,2.8214324377110525,78
1579,power law,-4.158474883472895,79
1580,power law,-15.237091650117527,80
1581,power law,-3.348463212288669,81
1582,power law,-6.079804764585685,82
1583,power law,-13.907885724700215,83
1584,power law,-6.141021163388167,84
1585,power law,-15.255853135418764,85
1586,power law,-6.216848957019948,86
1587,power law,-10.971081607572394,87
1588,power law,-1.453801603239791,88
1589,power law,-15.070811314558853,89
1590,power law,-7.694193238439972,90
1591,power law,-7.52115307047676,91
1592,power law,-16.579282480020336,92
1593,power law,-10.985827445199266,93
1594,power law,3.1892218414254683,94
1595,power law,-14.77518068927822,95
1596,power law,-7.3450855986664845,96
1597,power law,3.6599350818249947,97
1598,power law,-2.7711725154554827,98
1599,power law,-9.509596320701746,99
1600,power law,-8.178845411874788,100
1601,power law,-20.73983610139578,101
1602,power law,-12.693795360044462,102
1603,power law,-7.651549431462181,103
1604,power law,-12.298655114303791,104
1605,power law,1.0394254319129477,105
1606,power law,-7.1213137067711205,106
1607,power law,-11.52253119073448,107
1608,power law,-15.759570579514897,108
1609,power law,-21.13967292301891,109
1610,power law,-7.438543769967653,110
1611,power law,-5.677135387191559,111
1612,power law,-0.7686467418123062,112
1613,power law,-11.155211541415902,113
1614,power law,-15.075218832557859,114
1615,power law,-0.9109848056914558,115
1616,power law,-17.10555621694899,116
1617,power law,-5.847347819922373,117
1618,power law,-13.197713424682934,118
1619,power law,-7.403802676339495,119
1620,power law,-15.296674612094911,120
1621,power law,-9.377416099301064,121
1622,power law,-8.736807704643802,122
1623,power law,-0.5955249075922993,123
1624,power law,-15.338785648750076,124
1625,power law,-4.103314286660067,125
1626,power law,4.808381113521614,126
1627,power law,-17.331939906518002,127
1628,power law,-3.0170219878760367,128
1629,power law,-11.998614975075213,129
1630,power law,-12.54883845868251,130
1631,power law,-3.2676940867731314,131
1632,power law,-12.660925764496877,132
1633,power law,-1.448668180679296,133
1634,power law,-15.049744906389083,134
1635,power law,-18.031801171081966,135
1636,power law,-2.694862823941431,136
1637,power law,-15.373923568360535,137
1638,power law,-11.462150778336717,138
1639,power law,-5.750450020444289,139
1640,power law,,140
1641,power law,-3.0294830617271646,141
1642,power law,2.5843653844234895,142
1643,power law,-6.244778528307448,143
1644,power law,-8.48535465861227,144
1645,power law,-8.246995704614319,145
1646,power law,-9.418925860841638,146
1647,power law,0.28496334186981453,147
1648,power law,-15.760647703228223,148
1649,power law,-13.18282344467574,149
1650,power law,-13.718926381951114,150
1651,power law,2.190271221571254,151
1652,power law,-16.94670204322652,152
1653,power law,-5.378751069513752,153
1654,power law,-12.036595857731132,154
1655,power law,-15.199691123641013,155
1656,power law,-11.253787508526145,156
1657,power law,-17.915090693094783,157
1658,power law,-9.963100643590964,158
1659,power law,-17.60122489263346,159
1660,power law,-4.412186667523212,160
1661,power law,-6.988295711304348,161
1662,power law,-6.152513250726464,162
1663,power law,-11.047799281564824,163
1664,power law,-11.85475735736264,164
1665,power law,-12.736684092329838,165
1666,power law,-5.570251228582656,166
1667,power law,-16.590887914530306,167
1668,power law,,168
1669,power law,-15.227377629669853,169
1670,power law,-11.219751582684165,170
1671,power law,0.19413133512517433,171
1672,power law,-9.531899257259347,172
1673,power law,-5.996564862268155,173
1674,power law,-13.799843221673857,174
1675,power law,-14.33267443214234,175
1676,power law,4.366891552760981,176
1677,power law,-18.490722717569405,177
1678,power law,-8.322864664532707,178
1679,power law,2.456704137648884,179
1680,power law,-9.441680564652076,180
1681,power law,-20.384086704556267,181
1682,power law,1.0087186284664487,182
1683,power law,-1.3374546615860359,183
1684,power law,-10.638720483547115,184
1685,power law,-16.233951358514876,185
1686,power law,-8.567953719856105,186
1687,power law,-8.87906089763087,187
1688,power law,-9.706958896901082,188
1689,power law,-5.484354099525492,189
1690,power law,1.3585439875940128,190
1691,power law,-12.0049431551456,191
1692,power law,-1.8252993045613843,192
1693,power law,-5.489646539261948,193
1694,power law,-12.063564943344744,194
1695,power law,-11.804566963539987,195
1696,power law,-7.790475671381053,196
1697,power law,-11.742032360214044,197
1698,power law,4.048945876608972,198
1699,power law,-6.149326522231833,199
1700,power law,-22.18138696060945,200
1701,power law,-7.675409615973873,201
1702,power law,-7.497243813749764,202
1703,power law,-7.118705171754957,203
1704,power law,-17.706446202411914,204
1705,power law,-15.103222865671015,205
1706,power law,-0.9716934788628722,206
1707,power law,-10.870505817327146,207
1708,power law,-8.85277746949545,208
1709,power law,-19.758837703733757,209
1710,power law,-3.7338181878134957,210
1711,power law,-4.705829040813567,211
1712,power law,-11.309719631689347,212
1713,power law,0.9307259082869974,213
1714,power law,-3.9784553258491577,214
1715,power law,-7.091592046805223,215
1716,power law,-1.2106359089411631,216
1717,power law,-10.57074362644774,217
1718,power law,-15.397773451345984,218
1719,power law,-6.972531821930925,219
1720,power law,-4.398393690285902,220
1721,power law,-14.377986821309964,221
1722,power law,-10.725395345792197,222
1723,power law,-11.118538651855317,223
1724,power law,-11.607335273028081,224
1725,power law,-0.37728495652800653,225
1726,power law,-10.491957616017544,226
1727,power law,-9.540587175375059,227
1728,power law,-4.864642706193532,228
1729,power law,-8.6517541691389,229
1730,power law,8.792957138627886,230
1731,power law,-17.493298568698464,231
1732,power law,-2.2532698651054375,232
1733,power law,-11.145054966887049,233
1734,power law,6.159191635560088,234
1735,power law,7.324116131831352,235
1736,power law,-11.34380878343541,236
1737,power law,-11.093186861618328,237
1738,power law,-11.526569302851424,238
1739,power law,-12.84317040771738,239
1740,power law,-12.041154700037715,240
1741,power law,-5.808323743426552,241
1742,power law,-19.363626494609722,242
1743,power law,5.011419679810574,243
1744,power law,-10.898000782848719,244
1745,power law,-11.22679844686872,245
1746,power law,-5.39835326215951,246
1747,power law,-3.940950379185601,247
1748,power law,-0.10089044859519536,248
1749,power law,6.901725733533112,249
1750,power law,-15.47438385344055,250
1751,power law,2.8877079458994723,251
1752,power law,-4.192268235737178,252
1753,power law,-12.82964465688492,253
1754,power law,-11.036005108995539,254
1755,power law,9.001813993301237,255
1756,power law,-14.051563815264942,256
1757,power law,-1.4138357467864004,257
1758,power law,-11.466408520150992,258
1759,power law,-6.745689865023065,259
1760,power law,,260
1761,power law,-10.296089994323776,261
1762,power law,-10.561586427366748,262
1763,power law,-15.031597553538067,263
1764,power law,-14.379513335920379,264
1765,power law,-7.141179101742637,265
1766,power law,5.8042815617124734,266
1767,power law,-13.75199578752682,267
1768,power law,9.064454645764455,268
1769,power law,-16.681116022543968,269
1770,power law,-9.38727345611662,270
1771,power law,-10.599698546456231,271
1772,power law,-0.6093792380726235,272
1773,power law,2.897017301807822,273
1774,power law,-13.535040318604757,274
1775,power law,-16.771185831234455,275
1776,power law,4.639626057673681,276
1777,power law,-10.96190491822962,277
1778,power law,-10.854371284243136,278
1779,power law,2.891552219556501,279
1780,power law,-3.8196545431289035,280
1781,power law,-6.034725645871758,281
1782,power law,-0.9011231677521208,282
1783,power law,-3.7660152198270076,283
1784,power law,-6.283043810782241,284
1785,power law,-18.642430895243198,285
1786,power law,-9.547316086749822,286
1787,power law,4.956677864541388,287
1788,power law,-15.593888467412235,288
1789,power law,-6.982663253010271,289
1790,power law,-0.7301749527808292,290
1791,power law,-15.555129754824627,291
1792,power law,-12.439874520409123,292
1793,power law,-3.0130141818215286,293
1794,power law,-8.205315185013802,294
1795,power law,-4.550594948108667,295
1796,power law,-5.1338081563656885,296
1797,power law,3.520122935662232,297
1798,power law,-0.441217952345089,298
1799,power law,-21.846188471395017,299
1800,power law,-11.085674174603849,300
1801,power law,1.7299440697055326,301
1802,power law,-6.360621325881096,302
1803,power law,-6.6779688563359745,303
1804,power law,1.1838110591202575,304
1805,power law,-12.171375706379262,305
1806,power law,0.00314949649658125,306
1807,power law,-14.985030288603351,307
1808,power law,-12.802922916361418,308
1809,power law,-18.052041221502662,309
1810,power law,-18.947315302717293,310
1811,power law,-8.106144252056119,311
1812,power law,-10.066426744128695,312
1813,power law,-7.8621138384605445,313
1814,power law,-10.184298981515305,314
1815,power law,0.8256843708341126,315
1816,power law,-9.562247833108069,316
1817,power law,-11.768128571532134,317
1818,power law,-14.75575326420936,318
1819,power law,-8.19544460258909,319
1820,power law,-12.736211237564419,320
1821,power law,3.505584265131463,321
1822,power law,-2.874390072982253,322
1823,power law,,323
1824,power law,-9.698690428078404,324
1825,power law,-10.041531724037693,325
1826,power law,-14.048337298098456,326
1827,power law,-3.227588538865085,327
1828,power law,-11.685353595507443,328
1829,power law,-10.682086643613502,329
1830,power law,-1.3323154911802249,330
1831,power law,-11.277435524631247,331
1832,power law,-4.0569758376166885,332
1833,power law,-6.8611286246705685,333
1834,power law,,334
1835,power law,-5.770778450905846,335
1836,power law,-7.544997181530594,336
1837,power law,8.637431339631451,337
1838,power law,-16.353077407366968,338
1839,power law,-15.599885179745193,339
1840,power law,-7.422792503843253,340
1841,power law,-3.9173423473805506,341
1842,power law,-2.6588326119554058,342
1843,power law,-18.711594418164935,343
1844,power law,-4.327982733494688,344
1845,power law,-12.469399506768337,345
1846,power law,-7.800943626825898,346
1847,power law,6.648683406805655,347
1848,power law,-15.39687766725623,348
1849,power law,-5.128814459214505,349
1850,power law,11.1397734138894,350
1851,power law,-4.402230246401004,351
1852,power law,-7.221119197329758,352
1853,power law,-2.990774895112768,353
1854,power law,-18.241484994625473,354
1855,power law,-20.16323404995942,355
1856,power law,-15.323644834348404,356
1857,power law,2.156620388358451,357
1858,power law,-15.258073070213854,358
1859,power law,-4.0784720555198195,359
1860,power law,3.2173078800218002,360
1861,power law,-11.82540432558779,361
1862,power law,-9.669812294322501,362
1863,power law,-17.18210039375336,363
1864,power law,2.718303259318046,364
1865,power law,-11.071588371019068,365
1866,power law,-16.643469278218006,366
1867,power law,-9.974634156282063,367
1868,power law,-7.417999420848739,368
1869,power law,-8.0486221153161,369
1870,power law,-3.588200466633415,370
1871,power law,-7.4729201245053964,371
1872,power law,2.2597755729522837,372
1873,power law,-9.343656723661509,373
1874,power law,0.359856902110991,374
1875,power law,-9.494784968988165,375
1876,power law,-6.9846306320241425,376
1877,power law,-3.1398411397262365,377
1878,power law,,378
1879,power law,-0.8192901025119337,379
1880,power law,-5.716471073306012,380
1881,power law,-4.577377727106789,381
1882,power law,-1.7650813355115114,382
1883,power law,-8.768535983266315,383
1884,power law,-13.053132912308588,384
1885,power law,-4.682804568339394,385
1886,power law,-14.414186694944238,386
1887,power law,-1.776321635656048,387
1888,power law,-12.600058435252244,388
1889,power law,-1.4044351127882866,389
1890,power law,0.8755090314717533,390
1891,power law,3.736332043189343,391
1892,power law,-15.139334336868345,392
1893,power law,-5.698075455626341,393
1894,power law,-13.143810763225332,394
1895,power law,-16.65278725141877,395
1896,power law,-14.088174840517766,396
1897,power law,-8.152259631662409,397
1898,power law,-6.543512139425733,398
1899,power law,-14.48851326232256,399
1900,power law,-3.6115914212946585,400
1901,power law,0.8238131859802289,401
1902,power law,3.0116396717159457,402
1903,power law,-12.075061987655587,403
1904,power law,-4.7676296324626755,404
1905,power law,-7.998180163052854,405
1906,power law,-24.640654247891398,406
1907,power law,2.033570939895256,407
1908,power law,-14.245828940473835,408
1909,power law,-14.069458899001116,409
1910,power law,-4.446550546944957,410
1911,power law,-4.721013838125257,411
1912,power law,-12.493436104982617,412
1913,power law,-10.13031375390355,413
1914,power law,-19.30970551803393,414
1915,power law,-8.683574091631542,415
1916,power law,-12.687969031414092,416
1917,power law,-16.372483421756804,417
1918,power law,-17.414877874499354,418
1919,power law,-1.344990323804943,419
1920,power law,-6.805689376923432,420
1921,power law,-9.887663697348296,421
1922,power law,-8.646262089602297,422
1923,power law,-4.61554176642105,423
1924,power law,-15.347519589539406,424
1925,power law,-16.351553219951697,425
1926,power law,-20.550360496160696,426
1927,power law,-10.539879572259892,427
1928,power law,-8.581406125543264,428
1929,power law,-22.1123150937684,429
1930,power law,-5.3751771614949035,430
1931,power law,-10.781812441511121,431
1932,power law,-17.366742729887687,432
1933,power law,-11.40548340580068,433
1934,power law,,434
1935,power law,-21.938941085713935,435
1936,power law,-4.26928898879788,436
1937,power law,-20.635313444887196,437
1938,power law,-19.255950457026703,438
1939,power law,-0.4973551205068354,439
1940,power law,-10.175434216219138,440
1941,power law,-3.3135913520779887,441
1942,power law,-0.023032045695653203,442
1943,power law,-1.9785494837993287,443
1944,power law,-9.494446284586232,444
1945,power law,-18.058618524478224,445
1946,power law,-13.515640059191657,446
1947,power law,-9.174993066230368,447
1948,power law,6.5940066465596905,448
1949,power law,-5.35669660795525,449
1950,power law,-7.840530499511768,450
1951,power law,-9.017042243815354,451
1952,power law,-1.155974610094825,452
1953,power law,-6.7961122358099395,453
1954,power law,-0.16394784252917916,454
1955,power law,-4.0996264547307675,455
1956,power law,-7.153237677991841,456
1957,power law,-2.592520449622393,457
1958,power law,-18.596708324148157,458
1959,power law,5.418036990022006,459
1960,power law,-3.030435829069461,460
1961,power law,-9.606749181709793,461
1962,power law,-5.612692681634119,462
1963,power law,-16.417670138735343,463
1964,power law,-8.743558131997236,464
1965,power law,-0.964846957549649,465
1966,power law,-9.738432321396978,466
1967,power law,-10.846435354498201,467
1968,power law,-27.442172737607066,468
1969,power law,-2.776614479461461,469
1970,power law,-3.9506439199102292,470
1971,power law,-17.781433620552377,471
1972,power law,-12.8230663880301,472
1973,power law,2.3244226468263207,473
1974,power law,-9.285194333137486,474
1975,power law,-18.3570550630419,475
1976,power law,-4.269247926981166,476
1977,power law,8.206616148104025,477
1978,power law,-3.4684922981488153,478
1979,power law,-8.689779848666685,479
1980,power law,-13.07273028129125,480
1981,power law,-21.768087881269413,481
1982,power law,-8.324683193646356,482
1983,power law,9.701756272346417,483
1984,power law,-14.22144628310489,484
1985,power law,-10.394470184519818,485
1986,power law,-6.730329046250979,486
1987,power law,-13.966812470951862,487
1988,power law,-10.65254349084356,488
1989,power law,-4.136935490055016,489
1990,power law,-7.962991354151066,490
1991,power law,-20.446322436700687,491
1992,power law,-12.113035000970939,492
1993,power law,-0.6084912348484313,493
1994,power law,-9.638274985715952,494
1995,power law,-6.746252488804261,495
1996,power law,-0.06762026746003258,496
1997,power law,-7.502317935547209,497
1998,power law,-4.8498736257169845,498
1999,power law,0.6869860758319382,499
