,boot,f,S,L,cov
0,point,1.9017300113138922,1.757946205240386,-0.15218851914487813,0.8164182860336838
1,0,1.8264288494073266,1.5630724104688916,-0.2238543297668547,0.6612976715583146
2,1,1.869657016260278,1.9634581350792464,-0.018428954076456474,1.0142288982721754
3,2,1.9027967563505346,1.7895324424295942,-0.22763732735857262,0.8133180163368889
4,3,1.8974942822294305,1.824864332200517,-0.13912184989494464,0.8724904369870514
5,4,1.9229948477263648,2.000772614074192,0.09299866039857578,1.0987973638097637
6,5,1.9869910287805366,1.751253060669524,-0.18765512319323271,0.7914197856326324
7,6,1.9348723883060717,1.49996650832288,-0.37376900810756164,0.49716676886197964
8,7,1.9725811531762947,1.8006945221252832,-0.2203384727737275,0.8099596402561163
9,8,2.035505376728638,1.8245690490366113,-0.12425311203941501,0.8421410741290596
10,9,1.7597040701492686,1.8049411369328798,-0.05487967324313769,0.8992956604309768
11,10,1.969550583060795,1.6236527940226217,-0.2829768384428622,0.6679625219232301
12,11,2.023193832308212,1.7541947498374957,-0.40107560949800264,0.6991131614279337
13,12,1.9196752573430889,1.723939854937268,-0.24493458674042412,0.7332212265715721
14,13,2.095747395980025,1.938271547376037,-0.030282626228748284,1.0289213524943124
15,14,1.8110661583054042,1.5481521409284187,-0.2576249589708271,0.6262848878788657
16,15,1.8566544688876687,1.4189924524323072,-0.3673442227162692,0.5104991036061705
17,16,1.7212153525403149,1.506219532166516,-0.3590832299025268,0.6000384931154756
18,17,1.9693698865091813,1.7860685910044927,-0.00888535566216008,0.9513336510261626
19,18,1.8349679763229687,1.5294391777994725,-0.4661370249880896,0.5129867803575283
20,19,2.0663197804959768,1.8179670717632754,-0.22072014513749652,0.7768840284390613
21,20,1.919676426215908,1.8687325082058037,-0.09088382728816172,0.9826222553244852
22,21,1.8309582610685744,1.7500966487672116,-0.06773390176410209,0.8613585256839587
23,22,2.1754776526485777,2.0553914393309256,0.11561351139983961,1.1161725683138901
24,23,1.8520648891770135,1.8641322532681912,0.0625606482117823,0.965418459966541
25,24,2.0503093633454883,1.9188108317051897,-0.10544681748477518,0.931740216242636
26,25,1.8817903341812297,1.7680660711004461,-0.12661492656386075,0.8412499160585394
27,26,1.838083760762508,1.5306377357631442,-0.3271654925870196,0.580909366535495
28,27,1.913266699581522,1.716743352024928,-0.31128571311056874,0.7277388568258547
29,28,1.8971121394338595,2.0352260795588912,0.006370405584339549,1.0499771890841332
30,29,1.6435210864663965,2.2372478051503695,0.283462531799301,1.376068250183931
31,30,1.7546064064447122,1.8818607618965757,-0.012458528917377781,1.1266151027407454
32,31,1.8374114580099978,1.7267956208195911,-0.0439641494109991,0.8625004568014982
33,32,1.8133545069663268,1.630430760427159,-0.3469493189982197,0.6270789316449337
34,33,1.9815123505225227,1.846344259503733,-0.13703231326669743,0.8825001633041524
35,34,2.0591540241478787,1.6648929610072778,-0.27352875153533635,0.6893130172820551
36,35,1.9095618188872436,1.7164894040679473,-0.26921577003395675,0.7161896339830774
37,36,1.9698123510557766,1.7834642526782203,-0.19932835861129106,0.7862347890758062
38,37,2.000471713509617,1.7766782238593266,-0.30726259438408093,0.7445570145919486
39,38,1.9251338070441875,1.7768106800440107,-0.24698318145024117,0.7745408452421441
40,39,2.0335465169767057,1.8031967787573184,-0.14180252064465668,0.8168660640207674
41,40,1.7683032114164088,1.7360646968757008,-0.18970855975777648,0.8140548414963642
42,41,1.9177017700846417,1.957511041464907,0.09465697797174813,1.0652288546420703
43,42,1.9360309416991317,1.6430811592520056,-0.3142433667586849,0.6831262790770849
44,43,2.062304832878304,1.9741983875300135,0.12622998526358253,1.0964402913449889
45,44,1.8446525367164246,1.64390645747821,-0.19097301111831588,0.7569473035576221
46,45,2.007921486755328,1.9015893959858385,-0.03272076026207344,0.9681711876888993
47,46,1.857543171816434,2.085023966593072,0.1117591464805237,1.1843085064519716
48,47,2.141148617007435,2.0241356057807134,0.03126708977381862,1.0390860923934873
49,48,2.0739750080837505,2.251505746601217,0.125429660304348,1.2923664825478347
50,49,1.8484461126391216,1.9185859341980307,0.02273714512119693,1.0216181825960013
51,50,1.9267094304433365,1.7917211500294823,-0.45076207488494024,0.6757329334722371
52,51,1.7903253757266697,1.3648969028245475,-0.5728793981863083,0.35783344541260564
53,52,1.9608357290137812,1.8801504230378616,-0.028517345111085866,0.9746101896622665
54,53,2.0436416556311694,1.8826608829229072,0.029414167471275843,1.0132676578069622
55,54,1.855896349204238,1.403345205809584,-0.5216327590550471,0.400113098750073
56,55,1.8550446987994478,2.0012954712495725,0.03227143143806844,1.039791862455956
57,56,1.7253500461309292,1.6864142308284988,-0.13940735569737953,0.8482800597458003
58,57,1.9104402183764255,1.804246655772402,-0.03160579943088443,0.897055015095941
59,58,2.0086856722082045,2.02447089174815,-0.22037353026451598,0.9259472750015877
60,59,1.7009553749005022,1.7468291087817647,-0.10337178536886144,0.8630626414347702
61,60,1.9514489923248408,1.90996022555197,0.07653076773926004,1.0293034195427453
62,61,1.851681411270622,1.4352602549791418,-0.49232216810544777,0.4240467010365231
63,62,1.8043277034228202,1.7170595196734242,-0.1340712538565993,0.7993330394904246
64,63,1.965267484210821,1.936265539627963,-0.2739400668173162,0.8830826623697074
65,64,1.9386395232434703,1.7554803436708133,-0.20736468243555256,0.8054212763366819
66,65,1.8820556818523533,1.8450513342267634,-0.29470535589026625,0.8007681464813958
67,66,2.0278152102862363,1.7404867819228638,-0.29074975566265865,0.7454032677574357
68,67,1.8142281352845566,1.7293938566433196,-0.09584146724418992,0.9377368294133961
69,68,2.0097769796135734,1.8070741447537562,-0.3365971341080232,0.7407744961782425
70,69,1.6772579351559431,1.8276833385839113,0.04656457360262711,0.984525923464926
71,70,1.6792153126536906,1.7074120190132798,-0.07553107690275013,0.8449698327244038
72,71,2.002030484806406,1.6142312770219476,-0.36458964350119677,0.6064994860884159
73,72,1.9494687290630728,2.002967140468878,0.061257343809622,1.0276116227435819
74,73,1.8923248458777786,1.7782411156062403,-0.12808987382220544,0.8350164835000037
75,74,2.043219773959496,1.8076740773580928,-0.10880623049122345,0.8965215997606525
76,75,1.9533534598839362,1.7468183234494452,-0.3338472671730367,0.7038662272189042
77,76,1.7976361482872651,1.6791987567405748,-0.245905451775381,0.7351712569498242
78,77,1.9107179505645602,1.8278845328760838,-0.24396880253880648,0.7949363640846232
79,78,1.968382875070792,1.7077271089205606,-0.2884310146854835,0.7164764963018455
80,79,1.8858992531454546,1.8869946279640393,0.011550823298900049,0.9763451612123261
81,80,2.0418578310041626,1.8237963324059157,-0.21150673724556757,0.8052180652875202
82,81,1.817144043128832,2.1191373261262556,0.16427105765578787,1.2779894989023899
83,82,2.0475802346671714,1.9526203576943788,-0.11439190526194203,0.9265703201723393
84,83,2.0298190421821536,1.8777309779930167,-0.13081678435113067,0.8654272457361918
85,84,1.8461646624928991,1.4509413487193692,-0.36322197089761576,0.5539117924816728
86,85,2.0604798422405306,1.7970543034128532,-0.30411288208062115,0.7210697516029351
87,86,1.6870899211671997,1.4646446668556505,-0.46460585297087226,0.5266493802827984
88,87,1.9171601385995136,1.6480182184798966,-0.4189820522708809,0.5895779927739144
89,88,1.9085997122031366,1.73817409228806,-0.2525891859495749,0.7356419975578252
90,89,1.8252468903819044,1.9808128816563872,0.16883427631709405,1.0979348619182876
91,90,1.9255769144507522,1.882737521811327,-0.1310232141004065,0.9439146857820608
92,91,1.8649874740467922,1.9123107833388109,0.031216232756920172,1.0355191829139108
93,92,1.9214957696691513,2.062284070604808,0.19409470441421817,1.2433324831512613
94,93,1.902009936734575,1.6861482361147548,-0.28133463157201627,0.7024755036694464
95,94,1.908679298713949,1.8659946508502572,0.01925113390000114,0.9555540108199354
96,95,1.7540576783099944,1.6358487749498785,-0.13849571732341268,0.7553653722777111
97,96,2.1135551730018194,1.5692892728034453,-0.3668282448915272,0.5541345678691957
98,97,2.133834706229739,1.979404705272177,-0.018208581148706954,0.9764179129393359
99,98,1.9783775736847211,1.6792230612076677,-0.5166290212192938,0.5448610610661637
100,99,1.8805716730475917,1.7873342123706282,-0.0707549600750858,0.8789668178441247
101,100,1.684598245068056,1.8478917704227265,0.022405955789923764,0.9707380542227761
102,101,2.054398610785575,1.9271323212244587,-0.03464499202714586,0.9522220901937479
103,102,1.9613766661065068,1.9478400792662895,-0.14503473216952284,0.9824235209067006
104,103,1.8263475059590328,2.011857824793233,0.12015563402326841,1.0953229581949198
105,104,2.011388048777047,1.860317528904344,-0.482756047885406,0.6932952080816894
106,105,1.8545701786606135,1.5589593658974505,-0.5083706989663601,0.5223326024853665
107,106,1.8827771003665645,1.4477462768611102,-0.34235913223661096,0.5496774279935192
108,107,2.042409409469289,2.091597545628229,0.060394082577865875,1.1168122511342566
109,108,1.8822920494821682,1.8696090507830485,-0.017203048762999294,0.9335202673899609
110,109,1.9669864021334362,1.811070643853426,-0.07006522056927399,0.8605438709757246
111,110,1.8819058292636384,1.7243221115790672,-0.16934980830130913,0.8171686758481871
112,111,1.7278000737213988,2.0974443330118904,0.21147039207899326,1.2305019053239559
113,112,2.0678481302828455,2.101460867590159,0.018268161621968853,1.1791864669513457
114,113,2.0120949461003206,1.9915633649007225,0.15847745311621642,1.2030750770896683
115,114,1.9919808028400434,1.6770083786656764,-0.3226912867317916,0.6613839371701044
116,115,1.9371033280474723,1.8435469760692593,-0.09191594711566639,0.8904763779481197
117,116,1.9007327198166843,1.6931871872874413,-0.35678072728628824,0.6694724123470226
118,117,1.9282240395061638,2.1920120095519025,0.1972594565765465,1.2890309340814115
119,118,1.7358838133321954,1.7236217739311852,-0.09314862133305661,0.8290953038289981
120,119,1.9019762722147255,1.9841154966773398,-0.15324294550387726,0.948674499692861
121,120,1.8978869680861967,1.8079450307607303,-0.041696295364480364,0.9004669020173103
122,121,1.8606366893419206,1.9618466272061692,0.024349722844942932,1.057447302088192
123,122,2.0420793538504314,1.9109394835648263,-0.08901778950055154,0.9141462500460289
124,123,1.9584396402563575,1.7934765797327206,-0.060752513538130395,0.863056349481016
125,124,1.632109247367014,1.9997363479231618,0.03797879562275858,1.0957861122255033
126,125,1.7431872212040749,1.8892645584127907,-0.029819208992158747,1.009768095143606
127,126,2.012141979676011,1.621784275240734,-0.490326025432346,0.5623041330163201
128,127,1.9678469073045217,2.08544628667845,0.12491812185416797,1.1817334507182453
129,128,2.0090754573729606,1.6772222337408567,-0.4075740517971222,0.6484339022562924
130,129,1.771126802166158,1.9510777319092436,0.1476740697472996,1.1131581623682492
131,130,1.9254620099851016,1.7728563746083266,0.027562634327777526,0.9369633745739342
132,131,1.899166377972923,1.9967606503247615,0.07895675649566262,1.081675812888291
133,132,1.8265884483927948,1.6978259874547084,-0.09526722527159845,0.8191465405548215
134,133,1.9508244075318293,2.13559061526944,0.14778388268904544,1.2523752027724622
135,134,2.084455672343913,1.7556050911509125,-0.23489178036919672,0.7453458277806273
136,135,2.1441591129996396,1.7004257672967713,-0.48553635129716627,0.5349863739439006
137,136,1.8936944064857315,1.681802230806751,-0.07825838262608059,0.8358778101705177
138,137,1.881002029873034,1.6729074331871183,-0.21050417305146596,0.745076875454225
139,138,1.7541221702987035,1.6215656456993972,-0.14978566858944894,0.7991389998274924
140,139,1.8726517915234984,1.8796396358593028,-0.06938045158109042,0.9606798849072539
141,140,2.1035758904516486,1.5929353140810145,-0.37212356838006005,0.587537244146455
142,141,1.943769859227004,1.8653149396929707,-0.07900788632682364,0.9050498221470484
143,142,2.036610499651173,1.7037783552333787,-0.4809569196696252,0.5911808362557551
144,143,1.9621014179844083,1.8508626310527385,-0.0557867240454192,0.9647539185696069
145,144,1.9632395432362018,1.7852852494592493,-0.1839909299726152,0.8226911152464138
146,145,1.9866537700610563,1.8678090074124314,-0.049988516180588964,0.9051128697319333
147,146,1.9046759481234719,1.5637919894644379,-0.4421707680337565,0.5427870964338987
148,147,1.7810045971977502,1.8584645701490456,-0.11549412724902633,0.9149697086406643
149,148,1.6553540692917337,1.5856466004297871,-0.2284234709538379,0.6885308373036798
150,149,1.9511769876994414,1.920028976920558,-0.01461288972777942,0.9839063200855944
151,150,1.7860134730295512,1.8468113268373099,-0.011135818306031832,0.954128956992535
152,151,1.7467384024163188,1.91772006313,-0.07357227201026331,0.9817628798104711
153,152,1.9834185195577672,2.3123122145664485,0.22678732125852022,1.7414949167475673
154,153,1.9899306238723324,1.6068561973687059,-0.39594369696089027,0.6096360504515581
155,154,1.5993990689415778,1.5942913043253748,-0.18734960144359544,0.726687604201947
156,155,1.9172607769645018,1.6187619954752326,-0.40102796235347454,0.603002956885367
157,156,1.8764323224441535,1.8122762155647978,-0.15320575059384733,0.8412750680155451
158,157,2.013557355882315,1.8407091802207478,-0.08946442421266661,0.896591713797719
159,158,2.0279623964925304,1.9613531022051964,-0.10379692585143,0.9781343952929652
160,159,1.8954027929630677,1.753583026795588,-0.2677116897796776,0.7330114863002939
161,160,1.766656808623499,1.9227035798579515,0.0065820655524043694,1.0691317350718483
162,161,1.8804148131614158,1.8820869836940985,-0.05075489368653507,0.928126623851035
163,162,1.8152713723803096,1.7713773849185206,-0.21342088434457454,0.8007409330471513
164,163,1.9601698442434725,1.7219174444410847,-0.1656155395176406,0.8238662188215894
165,164,1.9092505408947815,1.9645155070168798,-0.034340775420764975,1.0272289919856878
166,165,1.940382651520613,1.900401424808223,-0.09714043906159239,0.9161021246587419
167,166,1.6723888377365748,1.5107963594013252,-0.45804661295607385,0.5261916735198632
168,167,1.9472872069945184,1.592590940562715,-0.1645033238113934,0.6999941556844762
169,168,2.02770027188951,2.0494088114083264,0.21802704512704682,1.1920636817253027
170,169,1.8412077297051432,1.6224009538209898,-0.3442150021994057,0.6502596862647397
171,170,1.8551834881321927,1.878955055660553,-0.10097872328306143,0.9471641323155321
172,171,2.0357845353035975,1.6255563078898287,-0.401271285771133,0.5919981560978813
173,172,1.7072629893520008,1.912286167388304,0.07718589281129276,1.0640014793571684
174,173,1.6617960788441182,1.6567105182357122,-0.11114410158682295,0.794238449209467
175,174,1.8674244911409599,1.855963471356882,0.08119079268613517,1.0036050371878846
176,175,1.9258824167560777,2.17403357268345,0.18614975193191866,1.252884538405069
177,176,1.8522020481447674,1.7275207089747493,-0.16060552118729057,0.791702231228221
178,177,1.9561440295627865,1.7334636033954667,-0.2529962500259762,0.7535642077176964
179,178,1.587639843576164,1.4547091971187553,-0.28521019662164115,0.5884235372380845
180,179,1.9084482327794796,2.054535597200919,0.2314040783720331,1.1720932796183208
181,180,2.0906006216705126,2.1181142160801345,0.19770085947012134,1.1749976757051606
182,181,1.9275130796152729,1.8550675328775987,-0.11465630502311727,0.9278034044584111
183,182,1.8334717354938674,1.694036431184838,-0.1493397198559283,0.786421407969178
184,183,2.0201230841544313,2.037671105239105,0.036178609930281234,1.064347217695788
185,184,2.0275363474959893,1.8959658262385302,-0.12450222387250735,0.9157515238707832
186,185,1.8276676287976446,1.6588861864617392,-0.21133895564673158,0.757369692452467
187,186,2.0878346114462145,1.7827166310358404,-0.15367915837348697,0.78397076797574
188,187,1.8814554418493865,1.827100999791102,-0.17703548802403035,0.8681157167766275
189,188,2.040246859582923,2.123008132562529,0.10847175520943982,1.1488170345462776
190,189,1.7330370361216012,1.4740075984884002,-0.42381815301792786,0.505091264302062
191,190,1.8676947654126006,1.7077338150251467,-0.12936423805941838,0.7860545050558518
192,191,2.079885330930669,1.6857699903209873,-0.21699888401317313,0.730258214786944
193,192,1.924803349817928,1.8735243490676046,-0.06617257818912145,0.9572156328964818
194,193,1.8086430750356532,1.9259716852791564,0.03477047839150878,1.0252376073620653
195,194,1.9193170253117902,1.9826625184165771,0.07652678134306558,1.08663717977503
196,195,1.9958256588176628,1.8799370978533978,-0.16633717309786675,0.9011381179302898
197,196,1.883133082459547,1.6456543956649172,-0.3195077161509062,0.6599295488456813
198,197,1.8908146999289293,1.6180616777173091,-0.17687600082248997,0.7100465661404262
199,198,1.9564187813306964,1.6703955958855061,-0.24685420242192244,0.7197476655014788
200,199,1.6894046625445585,1.639886199021261,-0.271158702699875,0.69396518049333
201,200,1.984677850044617,1.7410196443500259,-0.3069388272086509,0.7164795883183563
202,201,1.8384442107574706,1.8890852185751494,-0.2510290620139225,0.8331178848815716
203,202,1.8888889800438833,2.1762611694492224,0.25857153173267083,1.2721698556680348
204,203,1.855902135246889,1.87410494039381,0.0224197998364717,0.9938360673038333
205,204,1.9014034217923677,1.6641355102734412,-0.24696090262920678,0.72194270383309
206,205,1.9168953640003954,1.7067779798313691,-0.27100872831744943,0.7123992496006145
207,206,1.961463591210465,1.8281803902114429,-0.10992361593633614,0.9076582373778926
208,207,1.9082821964841936,1.783584902392747,-0.18715530589948426,0.8009350010229295
209,208,1.8654932557433286,1.8508691639898234,-0.038698941377005386,0.950823567838689
210,209,1.8848701572791995,1.7946484913353176,-0.059488524278944736,0.8794156371955745
211,210,2.028988450205516,1.781590102406151,-0.09762262368012979,0.8302115533836839
212,211,1.8447277680177845,1.6740479213144117,-0.3148522373047234,0.6755989762878213
213,212,1.89012706961358,1.812693800360585,-0.21068060579881723,0.7782815076412303
214,213,1.9815203567919268,1.65617603106248,-0.3167544665255516,0.6879431688085992
215,214,1.916503322937952,1.8834865217756616,-0.017529288057964408,0.9457998003553074
216,215,1.7768289263256491,1.6444304467610975,-0.3284791470542224,0.6882463164377866
217,216,1.8603061932508957,1.864112744678009,0.09247560673679213,1.0195476406268755
218,217,1.951230603059159,1.6715223873346465,-0.1934451980122091,0.7571390646946902
219,218,1.6349961082866944,1.5284503954039952,-0.20595861944640464,0.6750371441868428
220,219,1.8470349516207631,1.7161003328404838,-0.10748927077740068,0.8080248726597193
221,220,1.927793354127152,2.1678594101534507,0.2082487392413573,1.233127050798204
222,221,1.8677128775167047,1.609144515703984,-0.265849704155275,0.675462210780736
223,222,2.0025458298836334,1.7720438736063926,-0.1535275159476303,0.8420445628207097
224,223,1.956438608566285,1.9583424846682647,-0.12886081001040167,0.9451941872111657
225,224,1.7566269884407746,1.7414467359897816,-0.09730303999602569,0.8335210997204345
226,225,1.9548610309671375,1.95156437609285,-0.0012591048703863056,1.0551248386250411
227,226,1.767820616578374,1.949376694205257,0.1504460634749856,1.0982768008610955
228,227,2.04170173348587,1.8719227247846684,-0.040490328566221624,0.9130858468707548
229,228,1.9561691105795682,2.011520572966969,0.23212529708614266,1.1749082746854267
230,229,1.773115405881373,1.6772241192752793,-0.11635244824256281,0.8129918969051643
231,230,1.7820397237830965,1.590315275304403,-0.45692798102186993,0.6095127814035679
232,231,2.0300163780535376,1.9427650350270573,0.18286695180808843,1.1259473933926791
233,232,1.7816111887086556,2.014526732012189,0.13529041115082213,1.1426113606494728
234,233,1.7700181882838775,1.6861590956023962,-0.44272359447170934,0.6458354699764711
235,234,1.9863368633371072,1.9946205013272944,-0.03216382935337304,1.0028678936775601
236,235,1.8142173147094383,1.6050083661621692,-0.2023799683377877,0.7030660538183467
237,236,1.8903384254013558,1.7013614048656724,-0.1786414207566251,0.8288873151148735
238,237,1.950970774433023,1.50611349541777,-0.5176936393711777,0.446608132407028
239,238,1.8301638589448679,2.1689007753712053,0.35989235956343474,1.294826758130714
240,239,1.5869733200795613,1.7975771311035225,0.06889374634146318,0.9697196326814457
241,240,2.0651221791168424,1.8047807071924342,-0.19841458970820108,0.8165357473758821
242,241,1.7428412333663277,1.7362541619875518,-0.2327992998135639,0.8021803149184453
243,242,1.8768515450138343,1.5468981873064713,-0.36080974080029526,0.5943249600496464
244,243,2.114512691986259,1.852747378635933,-0.10998758539020023,0.8926653838836618
245,244,2.074794316441706,1.9114904234130032,-0.27600719499142257,0.8451383982242575
246,245,1.9779846379574704,1.7795367568026839,-0.3266322489848808,0.7471238132951971
247,246,2.0315553115009237,1.8877027339995383,-0.03937315207496572,0.9649973275065686
248,247,1.9617341641931043,1.6392993423507787,-0.2636950930616051,0.6520644854191116
249,248,1.8298286857056565,1.7573290779679316,-0.16381645033193346,0.7956986359547634
250,249,1.9963127477783036,1.8729216865634244,-0.3328234332779794,0.7847100389109795
251,250,1.8800620423811347,1.5627963266677918,-0.3216965212545201,0.6131214970549848
252,251,1.7916513689420066,1.9023316224950033,-0.005267869041219556,0.999704773877509
253,252,2.0617219989673785,1.7689778084229275,-0.16428769744105698,0.8132595426558934
254,253,1.8903898530422598,1.9725833059175042,0.1253226931732252,1.0969805338567755
255,254,1.643348851109439,1.8505084910252483,0.023025814041260813,1.0913223292818408
256,255,1.9126848215592929,1.8488778802307815,-0.07793137415437659,0.9046066416190524
257,256,1.7342029523140943,1.6199379729905126,-0.15973284089186474,0.7522092381154708
258,257,1.8790630180299064,1.6469254353043774,-0.2901648535362057,0.6929326248724076
259,258,1.758536262857373,1.5287306906353415,-0.3828697136110365,0.5769321357450189
260,259,1.7135552108424976,1.593951660118712,-0.28886391260545313,0.6799201856799405
261,260,1.9900975045950928,2.099784004130185,0.04872134694806089,1.128924338369792
262,261,1.8077358214629387,1.7241457273511644,-0.11289303249314916,0.8268528823199032
263,262,1.8232472068591346,2.0216480565668076,0.2347349965900723,1.2206125923210605
264,263,1.6834519393669671,2.243339296850138,0.3520163911982834,1.3401042978215219
265,264,2.027282343991325,2.044203633359426,-0.11707231182016042,1.0389595283803839
266,265,1.9553636441550948,1.929185568088521,0.0805842900942289,1.0347610965741076
267,266,1.9393555737541237,1.9511026464619612,0.015021059059649547,0.9871411490485416
268,267,1.8183259669049845,1.9011730181811208,-0.046080030941819776,0.9514219099534081
269,268,1.971311435088888,1.9682324342440993,0.08544374377544973,1.1438606074622362
270,269,2.1671954417660477,1.732629367102741,-0.45033052406456636,0.6148478420556178
271,270,1.8839542014277513,1.9012139470606768,-0.054573879878025575,0.9364788151673933
272,271,1.5874181172350632,1.8987935326776988,0.053763453467889584,1.0324022018603773
273,272,1.885600750699051,1.4098799778954805,-0.5792440555504301,0.34676926031629474
274,273,1.8260426084888137,1.7647663039145551,-0.22545457388774895,0.809459470355549
275,274,1.62314582836837,1.8473890467465763,0.044982984035325684,0.9721990721903783
276,275,1.882557516149173,1.5741893813133405,-0.33873227354643815,0.5558537367969968
277,276,2.0743331859732477,1.8701584549186065,0.04906692891961414,1.0211800006813445
278,277,1.9943755599369741,2.019685007218934,0.01740471855722722,1.1331756792012948
279,278,1.6262498590503398,2.0638222033593414,0.04902546250402664,1.1284290146764289
280,279,1.677849447601085,1.5452684925484612,-0.3013782990812529,0.6338721906995614
281,280,1.6398356711479192,1.7828973171923017,-0.005657982029737648,0.9184805215617862
282,281,1.9645965715735931,1.931912021864413,-0.025874612197353812,1.0064397224535762
283,282,1.6770263481011762,1.4661557128981184,-0.42865222845912976,0.5204215269234265
284,283,1.8258541956954497,2.282039382826256,0.0062316181786447,1.1900614763776505
285,284,1.8562482763019845,1.8351161499922344,-0.02425674379098341,0.9280387788197346
286,285,1.94777415988904,1.9225709317724562,-0.15019599866951625,0.9709229259509288
287,286,1.8584019848554618,1.823473575339433,-0.28436995749351507,0.7741854498586056
288,287,1.8924086414105985,2.149186000527578,0.14986647153521052,1.2096347275499668
289,288,1.799085068554828,1.7627087205387024,-0.07145471507005358,0.8535777099766139
290,289,1.8991282325858394,1.773888744323445,-0.11439979809018226,0.8377949117286133
291,290,2.21875091316729,2.070644753345353,-0.03709308387918039,1.034609702546894
292,291,1.7793594595867417,1.7285281550782439,-0.1955253270216663,0.8097334328108179
293,292,1.914497969070051,1.8907733928751729,0.12050758378865233,1.021449033135098
294,293,1.9539539423079049,1.9623662471520795,0.11186741584710974,1.0657394407254805
295,294,1.9302951032381563,2.332589182638099,0.19246363910201658,1.4691283511965019
296,295,2.0502630659157024,1.7573564736864382,-0.5342513574593762,0.6298669730373061
297,296,1.6841214986306403,1.722508904722179,-0.09988112250356247,0.8381718833454075
298,297,2.036257352248873,1.5025755387645585,-0.582769030396248,0.4193749989802393
299,298,1.8980535023819993,1.849945037916696,-0.08095347776202037,0.9005414820142487
300,299,1.8007625522974717,1.9411432995079005,0.2369249662752551,1.1507951134225964
301,300,1.8283408659042986,1.534565059200988,-0.31681681638284837,0.6077798750311988
302,301,2.310823850244348,1.851973191299052,-0.07121227050172296,0.8925283502239112
303,302,1.870473174453046,1.688372281593127,-0.30926496508845186,0.6821357840199979
304,303,1.8291271756213625,1.64195078871248,-0.2594924846240924,0.6913802289903235
305,304,2.074465505742062,1.7435382463060913,-0.23083492244501208,0.745921613833029
306,305,1.7563200304086717,1.9261814548428848,0.0973074360918259,1.0519572627984104
307,306,2.045157382178878,1.8801064382413075,-0.4021563231870213,0.7464737480012803
308,307,1.9802544630031853,1.6826620999987385,-0.3207975486109807,0.6536055934469021
309,308,2.0550399450462056,2.297806206877001,0.3228927275912228,1.360820934765814
310,309,1.808850281275747,1.8135203627708267,0.017034271545081296,0.933267663593997
311,310,1.9988713273186722,1.7239467694191375,-0.3774166698409893,0.6592325309064464
312,311,2.0777914789141643,1.9517531616896764,-0.03741202654087616,0.9683619407440633
313,312,1.9374554548509375,1.980411539869284,0.05584011999338714,1.0660981129014184
314,313,1.9609378313249148,1.6849940882193133,-0.23434887744002197,0.7327906364194148
315,314,2.2875185894603187,1.6546801158653286,-0.2788688793781623,0.6729990225490855
316,315,1.8348067124821201,1.985984557841133,0.10035170843282509,1.0850407564094033
317,316,1.9425233105691113,1.7654413417317916,-0.18026074183837673,0.812817808693781
318,317,1.799871301156132,1.8737281183504433,0.018327500150814535,0.9715348407596951
319,318,2.1885801331602384,1.9573624528838591,-0.0881723566708064,0.951222633928695
320,319,1.9413965238311939,1.6424316041666274,-0.22897144096948016,0.6819260439794795
321,320,1.879183381488504,1.9601517139650737,0.08586643399629358,1.0753261373890004
322,321,2.074460879700844,1.6121410517719246,-0.43894763889999655,0.5569061415438883
323,322,1.839877879059628,1.7001600343131027,-0.14530900746790132,0.8323256208287122
324,323,1.905980427129625,1.9148011595732257,-0.04319473367784438,0.9948512189183427
325,324,2.1262097889982243,2.23797922471308,-0.044452325507118695,1.1383114647246184
326,325,1.9572521360862254,2.0722357228652704,0.10464126842851573,1.1296697546877852
327,326,2.0717541549614036,2.011789303840187,0.06524106620342632,1.0471045361088485
328,327,1.9180727139705456,1.9167714413552188,0.004281847500909878,1.0147969082810882
329,328,2.1186242091206906,1.7408544776656396,-0.22354516599839988,0.7712422589647285
330,329,1.6831355168346607,2.017365672371764,0.07106359840226494,1.239367916540976
331,330,2.0989525932647006,2.0928226928984133,0.18791724391880085,1.2034850297791564
332,331,1.79467185600504,1.7873353404741998,-0.10231306102929656,0.8661213230135884
333,332,2.0878767250621713,1.820735297830396,-0.35585853402406814,0.7401547020807165
334,333,1.9469670108709554,1.70495007429473,-0.174832387105791,0.7710448952984135
335,334,1.5693291746707765,1.4886449363595817,-0.3004650498014744,0.6078826408932104
336,335,2.046858221587429,1.8849437994483753,-0.11779088759455505,0.8719987444840932
337,336,1.857654773725638,1.8143419709903001,-0.2681242091228015,0.8717480681554075
338,337,1.8277659652118414,1.601719553047064,-0.3032368906823607,0.637964436250711
339,338,2.027994809351277,1.7078342332835388,-0.3130267947207426,0.699958849619611
340,339,1.891549300089387,1.9224139466480354,-0.02375142302411795,1.0310995460341632
341,340,1.6071325787551634,1.6901594582604627,-0.1734220806280949,0.7741787001875696
342,341,1.9077502072743935,1.7125411158961603,-0.20178695802490457,0.7666193139580993
343,342,1.9658398787789653,2.189286493881606,0.20225851203222703,1.2979522986965422
344,343,1.677977239441649,1.6088702714497047,-0.2988211100382285,0.6614200641915391
345,344,2.04516264053624,1.687151898151038,-0.1827851162701196,0.7637698698742657
346,345,1.8387930514191961,1.6194391260822536,-0.13883090198899137,0.7556519298900574
347,346,1.9923563200538323,1.6638886112123845,-0.4689937960323248,0.5575904501397574
348,347,1.9727825113987265,2.44686222718974,0.11168537599600172,1.3729599095817655
349,348,2.002090957336607,1.9572299435067393,-0.1995989799847898,0.952634150592446
350,349,1.8235455678671855,1.7952085214592162,-0.03523140123943463,0.8964285030059455
351,350,2.0971630696337535,2.0503534583606795,0.06820614109466838,1.0785330124645294
352,351,1.9235671633056324,1.6291661176509067,-0.23322922053704065,0.6926070137692936
353,352,1.879391733085234,1.8404388888764889,-0.1857096509121574,0.8605380889885735
354,353,1.5991069340039572,1.2149597753250958,-0.5029132826072521,0.34031299267732795
355,354,1.8189835125428253,1.9295739588517609,-0.030420334665254047,0.971987231824982
356,355,2.094770206097731,2.012891415931295,-0.02021351645451431,1.0136074010373508
357,356,1.8945180233114942,1.8658626865589014,0.01285075596889245,0.9807476202211893
358,357,1.559059574064888,1.616372609855724,-0.16233493553387296,0.7412247950096111
359,358,1.9023679033699366,1.7682812916086945,-0.13889480974931104,0.8289998679644507
360,359,2.027903357461083,1.6763174318097485,-0.16515224194126998,0.7999144742615893
361,360,1.9743039723189473,1.93349308793333,-0.0697920465016408,0.952851258519176
362,361,2.04366007199811,2.052721507373566,0.07119245231169201,1.1002087303499986
363,362,2.0479954684177186,1.799249482563809,-0.2961146493745741,0.7596787559371696
364,363,1.9479938660340284,1.8273855117861662,-0.16290709845256893,0.8440988005419613
365,364,1.9584779212391341,1.8694019114158429,-0.07972445969367313,0.9634175539713866
366,365,1.986921196242766,2.071178931909394,0.02106623922990969,1.0585343596955101
367,366,1.9283944490168747,1.921541501776866,-0.10268839030400043,0.9631134736088051
368,367,2.0717727237463595,1.8052191725836442,-0.2628907676301335,0.7591877066151087
369,368,2.015751080519382,2.08383569744383,0.0012082859413063741,1.0690102596997393
370,369,1.8002399913746228,1.555583070889025,-0.5133229778089126,0.5150104476206568
371,370,1.7802933444305913,1.773708575218784,-0.17755029494021557,0.8415769315115638
372,371,1.8631039473926647,1.9112003965849773,-0.02222505408990356,0.983923521445702
373,372,1.779608568261866,1.5918440597438792,-0.28248740601437045,0.6897754132778543
374,373,1.8604374024142585,1.6408890405313674,-0.14681922135034853,0.7657434903011634
375,374,1.7075983023071337,2.031726490545549,0.13244796814934517,1.1476527131983272
376,375,2.1228258803390365,1.8150347844822037,-0.06564533640807307,0.8716394435927688
377,376,1.9954313671673214,1.7732225806923125,0.12078565703317219,0.9244188387708997
378,377,1.864169973692553,1.8479020204715386,-0.14373566517228137,0.8731303571324218
379,378,1.8979242735649966,1.7718534692657306,-0.15402711461485008,0.8142773466945761
380,379,1.8663114722253815,1.697049973155439,-0.16946256097892598,0.7779630640829273
381,380,2.0515485918606977,1.78119966620701,-0.023285539619250683,0.8698234830381613
382,381,2.0487648077290324,1.9510506900092754,-0.14135158439941778,0.9270093937435131
383,382,1.9363622795111755,1.6751500299655133,-0.4756168959350857,0.5823539422797205
384,383,1.8166282601499681,1.9068670361513638,-0.007535684028145804,0.9883290705256447
385,384,1.9578398199908928,1.6967539185920872,-0.4537990902853507,0.6183851629173641
386,385,1.7679958726696101,1.5396240146352065,-0.27936867800070164,0.6351004117567225
387,386,1.9131898167885006,1.6306330824340305,-0.32257391818261805,0.6709511504467752
388,387,1.8445674858292134,1.5020859703371485,-0.3212785698777179,0.5746114105982034
389,388,1.6750280176703656,1.6753518829045966,-0.161010889043543,0.7884802454122019
390,389,1.801213640846729,1.8728555471802653,-0.03838861887403352,0.9714384670833446
391,390,1.8256948026965665,1.7570119300928162,-0.082526563054957,0.8358494400767186
392,391,2.0452373365921805,1.7023126732926122,-0.2535509529745613,0.7207677766401435
393,392,2.1614369857751736,1.6774556396657683,-0.19230730176740318,0.7280689337192776
394,393,1.6930317005707618,1.6204668091339112,-0.2091283303411601,0.7663932369531521
395,394,1.9343397507949713,1.5637168058518027,-0.463103337844143,0.5416679849831226
396,395,2.0950042968221085,2.0030418020605376,-0.07924241215509067,0.9750728763850988
397,396,1.8941129844587388,1.636172532822131,-0.2651386166033923,0.6931726114167627
398,397,1.940018133251547,1.8934961490909827,0.03849591487351929,0.9918146940040684
399,398,1.9080049416091212,1.5560499620284558,-0.3322302278739079,0.5974444695925922
400,399,2.0766520963818698,1.5971495684791197,-0.4387921303596929,0.5491866840017009
401,400,1.8250111082757645,1.6389517008526027,-0.2518201593663417,0.6952863929245193
402,401,1.933553029720115,2.0866703276161016,0.08119497678751637,1.1613668668290045
403,402,2.0165247610654826,1.9195575555343807,0.04092938988698303,0.9880800192031349
404,403,2.1816719844880996,2.0860896502912794,0.02910112573449767,1.0885246988255228
405,404,2.066342798976679,1.871462249286446,-0.15616540398378784,0.8901683222075292
406,405,1.8373613985942499,1.8037555145183433,-0.09223267031450082,0.8697376301738479
407,406,2.10365844287911,1.789399220055694,-0.24086051036326042,0.7896905118770771
408,407,1.8809792060523502,1.7689823318680131,-0.008979735548707598,0.9320804839343202
409,408,1.8395325469980777,1.692321036527169,-0.2539036903246055,0.7317017485593151
410,409,1.8544972866691047,2.0162449290019286,0.13037022042530896,1.1054457786834693
411,410,1.892394119662999,1.6665749542620059,-0.3639707121317657,0.647790399826172
412,411,2.069814144288526,1.640848846862381,-0.31294251538793677,0.6430968193311007
413,412,2.040565379479918,1.790784341582715,-0.30362314223833237,0.7278049288001988
414,413,1.912109136696411,1.6966387165003183,-0.22362266502778513,0.7421912006086767
415,414,1.9068876296277961,1.8796744028888783,0.10482964095499102,1.0180804395511245
416,415,1.703457294493647,1.438739039990025,-0.35333231841323914,0.5236287835290674
417,416,1.9554462206235521,1.794658279356024,-0.06930288340607389,0.8625541187700475
418,417,2.1097735216115128,1.7467970565910667,-0.26799804851834946,0.7383645499565811
419,418,1.8992861853949672,1.6250249356723334,-0.2817783331358323,0.6996241508144586
420,419,1.8894657729637576,1.8442600596616245,-0.33777430539533226,0.7742795762711467
421,420,1.795177326368006,1.5298235873191568,-0.33639530004596463,0.5945540095433939
422,421,1.9308319983698243,1.961070331935269,-0.03925472537160817,1.010266881296586
423,422,1.8628828363433836,1.540958542064287,-0.43152454156213393,0.551680838995021
424,423,1.871562662400518,2.057540649010491,-0.02513841486180258,1.046811561299686
425,424,1.7997521531076461,2.1682344347151252,0.3289830552427125,1.3544755614582173
426,425,1.861504447547685,1.6151130157985978,-0.28386685974305687,0.6656205949672218
427,426,1.8667994972261897,1.4766229270361746,-0.3119485820278428,0.5881914861136226
428,427,1.7883290728229086,1.954585021347926,-0.012052551122172187,1.006758976891223
429,428,1.8089892460800043,1.792014725560272,-0.053476409825882074,0.8943630945710441
430,429,1.803649197022522,1.8285385643845549,-0.11127951468678428,0.9583570898299195
431,430,2.0931111681127867,1.7080254997388,-0.24650146529149086,0.7336742886497661
432,431,2.1488634072937574,1.7987600826012238,-0.1927449561831506,0.7917387859619367
433,432,1.7951603711186155,1.7033554351854383,-0.13407177557955952,0.8041863787195324
434,433,1.9729177449315163,1.8132621011040082,-0.060956702172256585,0.8881349564540142
435,434,1.8630336246113774,1.7817086630071526,-0.101263469664295,0.8475768707296519
436,435,1.7757313724829762,1.7074456776467222,-0.1112257643382223,0.8224983177704059
437,436,1.9717243615671831,1.674502604404271,-0.39610705625209675,0.6417506428667339
438,437,1.9048537000949424,1.5731245546932664,-0.26413557607679483,0.6173522512629973
439,438,1.8106217947634535,1.9966219643036764,0.1338705033351503,1.1101133653404547
440,439,1.8649627601785224,1.5182514219681273,-0.22790220016637674,0.6131343078951844
441,440,1.7143221596326186,1.5825901945063658,-0.25201513490387367,0.6869156517859774
442,441,1.8421608996977765,1.6171961571226907,-0.12389293789356991,0.7613482456796558
443,442,1.90041392124881,1.7797507983285965,-0.13789709265190006,0.8125025477592949
444,443,2.0364122971701835,1.7692513269837986,-0.13450258435390255,0.8128169228669961
445,444,1.817469624652729,1.7022308343086132,-0.20410562806999505,0.7810756080897484
446,445,1.9120227133394132,1.6443269190704948,-0.17696494031323984,0.744675693931096
447,446,1.7706485143672017,1.5870367050087446,-0.285220495242132,0.653307102235402
448,447,2.043418285363757,2.115885491886524,-0.09506561299839178,1.064077289257226
449,448,2.0312679281369252,1.9657356744434453,0.07754803603868879,1.0835147293842464
450,449,2.039981902898175,2.125393875815061,0.010778171191818706,1.1656264145439792
451,450,2.1150541428954988,1.7422061571929024,-0.5451533966426371,0.59839090521577
452,451,2.015831509975379,1.8623193248661802,-0.07017326942069273,0.9034381596194376
453,452,1.980514872891104,1.826930308866326,-0.046900880214796846,0.8896122420512943
454,453,1.6303795014364337,1.624205692645837,-0.15131540072278934,0.7592593715372876
455,454,2.0259304347788962,1.7756029065850583,-0.177248055914379,0.7830264868652698
456,455,1.8639702112438112,2.0158122851398232,0.0009268845391778574,1.0912844545056375
457,456,1.8383692124669182,2.1928247059915646,0.3058072777546389,1.3344391520750112
458,457,1.9117802403827153,1.6841680755438986,-0.3135245060814183,0.6795661118535373
459,458,1.910765157390641,1.5812350375318418,-0.2629919898336465,0.6762406095521681
460,459,1.8592240948579357,1.827479302601269,-0.06179512091837425,0.882286057214525
461,460,2.0555402007412114,1.7132103726474823,-0.28553828818479055,0.705315994775512
462,461,1.6303644854343395,1.6392919680086655,-0.18823656190968158,0.8401635167372707
463,462,1.781395800297555,1.6299676048126899,-0.16086902099924383,0.7643239584958108
464,463,1.7578485606127932,1.5249232134241837,-0.31707325164344297,0.5922685043547897
465,464,1.8855032401941942,2.005627485290999,-0.0079935875055674,1.039781635265111
466,465,2.020728362466808,2.1013952529510505,0.09180719701630737,1.1496774187244914
467,466,1.9488579207490404,1.682538104961951,-0.3104585480909069,0.6759070830839597
468,467,1.6438741277299966,2.1448556363051474,0.2106588813902167,1.282346884568037
469,468,1.8691678127047595,1.8112025961820515,-0.08704917199367347,0.9471109381040353
470,469,1.9667987244899328,1.7568941497926636,-0.2137401450842444,0.771011310370018
471,470,1.6884420884051827,1.7598950320733453,-0.10173133973807628,0.8578710893152461
472,471,2.1236862950035724,1.9664906928583659,0.01923258614456553,1.030493277493649
473,472,1.8283504608024588,1.8008620171671177,-0.08236621983293962,0.8682226858904778
474,473,1.871425750461566,1.6237811134636944,-0.3739093966721883,0.6363251576741239
475,474,1.7270930233727915,1.622450605751413,-0.36030383008979466,0.6441913261473172
476,475,1.8870146827521146,1.8470327472379824,-0.10468576748098207,0.892538383173269
477,476,1.8252567410840308,1.7757223282961103,-0.11628199187656542,0.8482552335833968
478,477,2.0390000041310135,2.0110914180311523,0.02653035488672709,1.0433350081381065
479,478,1.7911293783080062,1.9218506884078843,0.0758998645698533,1.0343264403671457
480,479,1.9064784215392514,1.6194046368314043,-0.42497760021866093,0.6200724960944783
481,480,1.5533426483315125,1.9479793474066924,0.19958451578989855,1.1339478991268341
482,481,1.7561938687874405,1.71090131992279,-0.1282781063679203,0.8139488205659576
483,482,1.8760969792179991,1.7768006026997516,-0.1932309868049422,0.807134333596688
484,483,1.8476302414092085,1.9643442236447959,0.09699111813511123,1.0525960629799547
485,484,1.9414157264814642,1.8444425083443885,-0.006003146886198887,0.9901406317638962
486,485,1.9095120879832794,1.7883419558557536,-0.14211735582841933,0.7860029920897615
487,486,1.9813688450454066,2.0583388709631274,0.2730402454181545,1.2675672816326435
488,487,1.7793658747278334,1.9389651953716478,0.009153922150182745,1.0964778066017997
489,488,2.0276661934060476,1.9237822511923535,-0.05835054240596453,0.9542307373872676
490,489,1.9294188509808419,1.9291527357701348,-0.15358846022739242,0.9353496807244593
491,490,1.837466287184277,1.583214259445528,-0.32717153848082764,0.5852020488151142
492,491,1.7728218127970072,2.0216584662933967,0.071772022321873,1.0926054048636367
493,492,1.9718073721288734,2.021990713239618,0.021870414241712145,1.0438274038418967
494,493,1.860221535326677,1.6999607350131936,-0.14823999625796686,0.7817508145688762
495,494,2.00598187551068,1.7295443132932256,-0.16334183634398106,0.7899467825929889
496,495,1.9908308312181713,1.809177497072038,-0.13783564025028766,0.8479314097699333
497,496,2.077053914002071,1.6659314755560792,-0.3047999154485044,0.661375204245333
498,497,2.0420150769450722,2.1130971766819178,-0.001838344273359657,1.280540512578663
499,498,1.8685950399805755,1.826508590009597,-0.15000254820065986,0.8555351113957885
500,499,1.9624951027628634,1.653272403769461,-0.34908627088476,0.6506062691538184
501,500,2.061876313340159,2.1596909928234043,0.10794692868318526,1.240262651084268
502,501,1.7410863733874817,1.7111884007941534,-0.28839466037534134,0.7404374684551042
503,502,1.5991681010880672,1.576912625250923,-0.2576390739856742,0.6706335872759006
504,503,1.9687813379909929,1.800470809762344,-0.11664990114003475,0.86121862575197
505,504,1.805829840586272,1.886738969919668,-0.03932508040931067,0.9191728797143264
506,505,1.7703685049617852,1.7953431631894428,-0.0019302686395476275,0.9303867746328023
507,506,1.833039899081269,1.8341547661642879,-0.16555916185867522,0.8490400021383306
508,507,1.851295220880229,1.770033100486159,0.028706203358638726,0.9329390897892659
509,508,2.0796119404077027,1.6678620773124475,-0.31344861037614424,0.7027942125358544
510,509,1.9130165571100903,2.1792441965732903,0.16404965431781515,1.235357700157985
511,510,2.084390250445644,2.1408288983811525,-0.02716072196327123,1.1579631591201696
512,511,1.7994083942563475,1.4631271048969139,-0.4048125115119027,0.5306920176896434
513,512,1.8951149694667113,2.069852983642668,0.13084692503399306,1.151286158778038
514,513,1.9280453883107251,1.6858155049630046,-0.26111002065726,0.7256423067826283
515,514,1.7194808760727407,1.6679302074982798,-0.11080838258083764,0.7947133229529347
516,515,1.725182744622591,1.7217251640484887,-0.10170075663439508,0.8193901079667271
517,516,2.017167681262426,1.7690862894092108,-0.26712494900025396,0.7548736278198525
518,517,1.8449431329606485,1.5256450070563798,-0.3669582072626994,0.5752473981699745
519,518,2.047794999355035,1.8614521519530236,-0.18271062215002043,0.8470656384768903
520,519,1.849790460790195,1.6218858433906471,-0.3129676430802237,0.672465352277571
521,520,1.83425119812315,1.7645487577834862,-0.15404252524673406,0.83224058714668
522,521,1.8913369064442067,1.5766969783744114,-0.3913178640768732,0.5657574269897365
523,522,1.8317769956400307,1.5906565586069856,-0.3092212297492222,0.6556591196588254
524,523,2.0065768010584515,2.179966039564811,0.21490846762456955,1.2429454683486327
525,524,1.8819408207373283,1.8646236270112366,-0.08340674328983849,0.8938615992714112
526,525,1.9672702193504024,1.6885384437532793,-0.13476183372769346,0.8004848813688062
527,526,1.8907059145323282,1.8591083668432677,-0.04734952180567518,0.9032306869274607
528,527,2.0874371524470625,1.7652516111103016,-0.30971321844293503,0.7144296553117516
529,528,1.8819607905643794,1.834303694967563,-0.03558513633574078,0.9437571464994778
530,529,1.9473506782358028,1.8592186753813071,-0.2608878242116963,0.8355776702390442
531,530,2.0174708875279936,1.7392410803610348,-0.44310212144609057,0.6360677298903958
532,531,1.9715044006783917,2.0528346032823603,0.07855772828497218,1.1322140137401242
533,532,1.7062629280104356,2.0665996795353627,0.07167137156117673,1.1163644787540068
534,533,1.9511405272487359,1.5671156316985213,-0.6055797744126314,0.4675703672427564
535,534,1.9501715989543784,1.7163733823792917,-0.19667756883441495,0.7453820850628703
536,535,1.6580517268360582,1.1738322277061537,-0.8052322729765813,0.1642296008091662
537,536,1.9101347052342847,1.4778402519634168,-0.46822511816224327,0.5221787161206808
538,537,1.9127431440917804,2.0177354724771623,0.1298565513560833,1.1251069009640702
539,538,2.0067701734690546,1.8896618141733814,-0.06288814500057122,0.911451876155788
540,539,1.9799971273111712,1.982235716964538,0.04547585798676177,1.0443363453992216
541,540,2.0191260803962137,1.635247481126283,-0.3493887264235283,0.6468649845887342
542,541,2.0884878998867458,1.8666391247254608,-0.2583590193671425,0.8218064815926408
543,542,1.9219616426240043,1.4512222090558762,-0.7085902524140375,0.33786455290715883
544,543,1.961358112101033,1.6474048316705379,-0.3106840904212369,0.6446840409115033
545,544,1.8371058984455195,1.682472418041267,-0.2912338570444204,0.7037682946101727
546,545,1.8222663665722405,1.8850344073286547,-0.004917117750943732,0.9638142717013599
547,546,1.919465533517298,1.780853151613796,-0.13229640328940653,0.823987776415819
548,547,2.006657634213032,2.061955919216163,-0.050943624402753004,1.056860360182243
549,548,1.9369319741409634,1.9084709796038497,-0.27547075501707974,0.8330972196798412
550,549,2.122666512674648,2.0287531430422447,-0.07954212896237374,0.9949756315797774
551,550,1.7614216402830594,1.5877403087909028,-0.3243773442220178,0.6485223157002151
552,551,1.7909969254938978,1.8226839640124821,-0.07204280661492017,0.9423735181705273
553,552,1.9979918313523943,2.0244247564222713,0.05571526490784514,1.0529598299398246
554,553,1.9767705484414249,1.8060754576014586,-0.19520375736813816,0.7906305861544549
555,554,2.0940747643058804,2.1132198327593796,0.016182171459303035,1.1006510982552735
556,555,1.7165127165860359,1.549101514368464,-0.36438633448066754,0.5899995155219373
557,556,1.9856134323226902,1.5985035028148367,-0.3613332588358603,0.5972925223219844
558,557,1.6965446751463569,1.9032619019284245,-0.05519611768605288,0.9964326882510501
559,558,2.021758640128583,1.8261722722938667,-0.1959023784165657,0.798580283323374
560,559,1.9522345851504381,1.9223791487991757,-0.059021484430167144,0.9384485458787637
561,560,2.1497089694849554,1.9178697660201953,-0.09339577737685836,0.9459249560391291
562,561,1.940250183434321,1.8685482315307513,0.01486154945888457,0.9922707215692658
563,562,2.0120710444522523,2.127399869092932,0.14363244449408658,1.1786139371397872
564,563,2.009917395318903,1.8666934193098503,-0.1705685117751182,0.8708248367679579
565,564,2.0967965230815953,1.530729172135965,-0.5359907916708536,0.4154448718624601
566,565,1.8200263061816249,1.8259172829077313,-0.1430403418661994,0.8490440155262716
567,566,1.8578441259521123,1.628465413728864,-0.28660391875636754,0.6557917302473818
568,567,2.0337513625089225,1.705695501877508,-0.2306638894407293,0.73768909195392
569,568,1.9078942661593046,1.6728134535448427,-0.27048772493644385,0.7141715806508036
570,569,2.036998807571396,1.735241551460296,-0.22033206864046462,0.7703818526010588
571,570,1.874761515033622,1.8179279883958703,-0.13753007329525874,0.8319101427317654
572,571,1.9069045468418442,1.848143075673964,-0.05694931339664277,0.9187604758853956
573,572,1.970575256224506,1.938188657588546,-0.15701629876622808,0.9740804965779412
574,573,1.9876698068126792,1.7317806590858205,-0.10424153782094368,0.8421910516871304
575,574,1.932623520739524,1.6034260874418118,-0.4923752015328341,0.5316700756270039
576,575,1.7901149285827644,1.7088402577993562,-0.15617845610455,0.7884614201003447
577,576,1.94336224073214,2.0775546645688125,0.11357867057200301,1.2043727915511813
578,577,1.7543867464002774,1.7637532178712192,-0.05608616841007727,0.9441034737202053
579,578,1.800030945905491,1.684757442713951,-0.21331012110861056,0.7590700983409988
580,579,1.7599351715365648,1.8986030286691127,-0.02330505539372161,1.0147652628956965
581,580,1.6876036835951502,2.3067483955733925,0.5634664937656082,1.5775689461652451
582,581,2.0134958142296435,1.6852331141990968,-0.4677175219320881,0.5826920031449467
583,582,1.8339758305172156,1.9001062625609588,-0.05775135213744925,0.9773436472380744
584,583,1.8703758287046974,1.8134344532258375,0.0058266457344369575,0.9419801010666324
585,584,1.9983587335102844,1.9530395714146818,-0.21913161773689482,0.9149502163395674
586,585,1.8218847134250225,1.9870164468976574,-0.08905374512343775,1.0017838182686973
587,586,1.6413048524113711,1.28282738971509,-0.48563401114120264,0.39403355092507586
588,587,1.9251590722754872,1.5615486964608107,-0.485041798267937,0.5334001900812222
589,588,1.9124259576623956,2.058239525070678,0.10050821610998925,1.1476679931214113
590,589,1.9519486377722448,1.8637285894805995,0.033932893528912135,0.9330351671006684
591,590,1.6711445448103848,1.6836497738691405,-0.25240591427610515,0.749269079457077
592,591,1.7862826644940304,1.7978960842862155,-0.0679099178243101,0.9165396639369455
593,592,1.7578919643690076,1.7735882823299427,-0.06818995893783555,0.9138862912953086
594,593,1.8762206729485287,1.7637318929819323,-0.06878738235964854,0.8880067603380256
595,594,1.8716790569140713,1.8838696751581798,-0.1581674896692818,0.8901313487677823
596,595,1.9884928866291938,1.7583350999281664,-0.23944073448970365,0.7538576858978226
597,596,1.9758862373409813,2.045256320575252,0.25776995946747366,1.2133511735175262
598,597,1.6778078039465518,1.684416794721398,-0.09554227794496019,0.8115251746730057
599,598,2.025478004377307,2.0453206351528523,-0.13399194562133376,0.9897176866769923
600,599,2.0519233924332676,1.7707633953290176,-0.22256864745466742,0.7684611490061224
601,600,2.054960630900447,1.7126386833494747,-0.19295415181382358,0.7294077889368137
602,601,1.9430411999265884,1.6826491583699472,-0.18205825395631228,0.7594107397019023
603,602,1.8646131493845823,1.6301924648898058,-0.34155439566240015,0.6567079658243409
604,603,1.811923933003308,1.822877744318954,0.004021264662389813,0.9700133870062435
605,604,1.9752592665353077,1.8252716245763358,-0.22298410804458996,0.8064271187763304
606,605,1.9935632377627432,1.9380322486892207,-0.12112451241115364,0.9135849728377036
607,606,1.7187247244890207,1.6934926838472744,-0.12283886125185493,0.8113118906028204
608,607,2.0603343131532186,2.1780993119555627,0.1167932964147035,1.2109063013587542
609,608,1.9309813284896868,1.8221611775346231,-0.07430477481670887,0.917701382859588
610,609,2.1131578846742958,1.9575486338169763,0.021704003886808106,0.9890710686964017
611,610,2.1330443607438103,2.0960957976997445,-0.1378794037122379,1.0129584878427074
612,611,1.9844381518082486,2.049515515024314,0.017943697039086874,1.0700895298534387
613,612,1.9197966733533096,1.801609621888158,-0.17283300212698224,0.8289723988780792
614,613,2.0936919037791157,1.8070528809525706,-0.0722046484742101,0.8637690216396651
615,614,1.925898759015038,1.7034700030779146,-0.08774760727398725,0.8216040089791029
616,615,1.9925338219851672,1.7848040720976395,-0.24525750569216703,0.75945010349541
617,616,1.9504963784186586,1.901530868903517,-0.12186561861214613,0.9096824743268691
618,617,2.1372668131426793,1.9429153103290209,-0.005414615907956757,0.9936382175845837
619,618,1.8900662342176777,1.9716912896289154,-0.04340318020323885,1.017400234290768
620,619,1.878366590982282,1.7738947039852269,-0.1087094678245153,0.8488214669139892
621,620,1.8302848194075814,1.7129473575909908,-0.23856851886989425,0.726461314611574
622,621,1.9666931400092234,2.0215471967385734,-0.005695970156734673,1.0527017185288416
623,622,1.7175776085975725,1.5335980099044295,-0.2541196373837046,0.6572893801563983
624,623,1.7342217645795248,1.3389224083003264,-0.45739389096532446,0.4036337883177112
625,624,1.9123205090553361,1.5084808580324522,-0.3257101191773121,0.5564495035823344
626,625,1.9821110871820593,1.791900269495317,-0.12338481144119935,0.820489403134928
627,626,1.7948876353658405,1.829600780084349,0.008199542393565464,0.9773512601149965
628,627,1.8757017329815777,2.0061422998857794,0.3076212442240931,1.2018176758439463
629,628,1.8377008175262526,1.730709765863456,-0.06817656700687756,0.8152023722586764
630,629,1.8990536549416204,1.5232063053241451,-0.4163112749529797,0.5585871712916757
631,630,1.6981035758216332,1.737394627691291,-0.1969108070828474,0.8153266773524771
632,631,1.9801036958521832,1.5101412107893666,-0.4076728137934136,0.5305215547632881
633,632,2.046672845814706,2.16013259358281,0.17763729648286836,1.2331554845783865
634,633,1.746171109519972,1.7311795099025507,0.027025392014331625,0.9468567280387751
635,634,1.7830899011954324,1.975581090436091,0.1118578451097347,1.0948290824487852
636,635,1.8919644550803147,1.6977615067051894,-0.2887461959732774,0.7271431411155864
637,636,1.8440479918459725,1.8344544660610533,-0.04721971689624513,0.945560728181799
638,637,1.9372667244236523,1.7086996781092585,-0.16447292868478486,0.8128838830467477
639,638,1.74705099898908,1.7077648956242837,-0.18718061105751582,0.8243483933229897
640,639,2.0328524577639557,1.871727520714533,-0.2566447865039191,0.8210777943641212
641,640,1.9635802888854426,1.8463122893464619,-0.11251330780724857,0.8951412421938625
642,641,2.049793666232734,1.847811798647727,-0.047032778008311404,0.9113551836040801
643,642,1.5932694445303979,1.7031339970593151,-0.008653911246207348,0.8797589918671401
644,643,1.8103199999921928,1.5947778893847238,-0.22612827518780176,0.6748337981655801
645,644,1.7815515502302683,2.0442522881290652,0.21190733282332766,1.2251858204941266
646,645,2.096930267238871,1.6888968769416115,-0.3347834748328808,0.6807076351350009
647,646,1.7473695845441048,1.845217609211129,-0.10094600171275438,0.8963559409088746
648,647,1.6620231446336424,1.6169872378739074,-0.22000459319073337,0.7165549129242331
649,648,2.0602010327597116,1.6897904609062635,-0.3421354161544213,0.6838267822793126
650,649,1.9160862067874318,1.6344126708790134,-0.37112457103501956,0.6270261625257709
651,650,1.7333578613510194,1.4670040074517354,-0.5114720981965545,0.4760089589212348
652,651,1.7922524949309804,2.0885373135372287,0.15828900569112858,1.1692125103333673
653,652,1.8166582709325114,1.8687589507823972,0.016190207562421052,0.9695431010620098
654,653,2.0090450608220554,1.9734482327454537,0.014407929599922948,1.0530108337872082
655,654,1.9581770493040553,1.6425335717285772,-0.2091938794420361,0.6978342094506872
656,655,1.928299934584775,1.8501178606022215,-0.07427999908233338,0.9017627198655424
657,656,1.9925060305533644,1.855306831043533,-0.3216689347924754,0.8060684480535341
658,657,1.9423121479836005,1.8645883436743835,0.00530117076997686,0.9617930036432002
659,658,1.8673646666016086,1.9100273993011028,0.16934654217735284,1.0441858186876836
660,659,2.1039635524173446,1.7972489955131854,-0.15853009547269403,0.8359599077875165
661,660,1.6836537258776352,1.8667609333243749,-0.07083713078568456,0.9483727381849629
662,661,1.9840066801652314,1.883173372133336,-0.07105115168991756,0.9004907648842728
663,662,1.8706120994224003,1.7307860418721899,-0.15285686913904997,0.8045727076141184
664,663,1.741824943562278,1.784543116644747,0.12253569344053512,1.031868819234905
665,664,1.9538438844098325,1.8038938493595529,-0.17790229201497493,0.8113958929755244
666,665,1.846595412318373,1.927015007520072,0.08414611748828732,1.0724470469210845
667,666,1.994261209724597,1.82345766414267,-0.049691243268911695,0.9010895076117063
668,667,1.7292860066336433,1.462674082150491,-0.2622891574913649,0.6120061117681832
669,668,1.800643890140352,1.9419471368560792,0.06072044595740457,1.102008737367065
670,669,1.9545468478286274,1.7505128215577594,-0.17894243688249895,0.7863571121918855
671,670,1.8955324738793784,1.6167177428924187,-0.4048613266454576,0.614251317859302
672,671,1.9856832882243725,1.7230031622271111,-0.06690100968498419,0.8729064596213005
673,672,1.9331894115869026,1.8752634965163595,-0.0025188575804733007,0.9558681339269386
674,673,1.8851442511769014,1.9445734810706146,0.14927406273437516,1.1227708249921338
675,674,1.8225663372782126,1.955129034253466,0.09742078066138347,1.083056983011468
676,675,1.8148953256496727,1.7689748744680849,-0.08591457746291627,0.8577897423733863
677,676,2.00020710332295,1.9891525471322198,0.14819148890302947,1.1151910943192913
678,677,1.7198630593751958,1.7360610667916243,-0.13248827432888902,0.8238182227478522
679,678,1.9708396659384404,1.9907386075137947,0.02085685521132408,1.0174042480809258
680,679,1.6361513472644371,1.6728981356976789,-0.07979818323979565,0.8233391456999766
681,680,1.8278967152890906,1.606540655941398,-0.26758131735233043,0.6846488875046731
682,681,1.6975654472685642,1.797323859468378,-0.15706439255860183,0.8678769362256433
683,682,1.9420375113150552,1.9680811609816056,0.07683080006504166,1.0608500092350568
684,683,2.1744221097842993,1.9068513374072453,-0.2215119999227011,0.883711189512878
685,684,1.9244225787280813,1.7832085184218767,-0.21033324174936227,0.8091877302087023
686,685,1.8417780867372713,1.5626375567940645,-0.2729295892628891,0.6499219930727506
687,686,1.983377492962528,1.852777910521523,-0.0004054572988481844,0.9806763128697119
688,687,1.8565808329307034,1.6150070731655886,-0.1954173176600303,0.7261749806616029
689,688,1.965371510508834,1.9251396265335219,0.04139895849470543,1.0337812934071757
690,689,1.9835649641054411,1.7782722429557856,-0.03587171310507398,0.8889109045051393
691,690,1.906167884687539,1.6091992682211143,-0.4866055088984161,0.5528605594628226
692,691,1.8576635895556153,1.5511267112197373,-0.34353669048877816,0.6266582414834952
693,692,1.855495087136821,1.861094326507388,-0.10549492560388242,0.9022591184470699
694,693,1.8630684218708593,1.8455272697210099,-0.0013180411736720369,0.9352933464992976
695,694,1.9839118893956125,1.9095745913267825,-0.012714116048032926,0.9722971440757436
696,695,1.9261061549405882,1.9280548972342966,0.03758403271492744,1.0230897098439522
697,696,2.032994096504544,1.7067134999551106,-0.07286837641304775,0.8174621463524414
698,697,1.8920085002610283,1.7939777867686846,-0.06310122654322463,0.8837982101947839
699,698,1.8355766944380787,1.9345817235859348,-0.05004295948065122,0.9874687449306743
700,699,1.8027109569562478,1.6408400302370572,-0.23341740473693512,0.7375071053373536
701,700,2.0627723833486886,1.8459632350578388,-0.07833834292698919,0.8967388843437577
702,701,2.1290860603402506,1.8055234843404975,-0.23652096923503046,0.780649692705661
703,702,2.0383457853322433,2.2510865516317957,0.012959649883155613,1.2013629986426646
704,703,1.8604902162126964,1.9268895611374641,-0.04132625351709878,0.9783225921440366
705,704,1.6974349886957478,1.56914031085493,-0.25503648990631317,0.6763189792017771
706,705,2.131996175293195,2.129177254706937,0.0766409757833429,1.1513027356998478
707,706,2.1034460683137337,2.008032785966842,0.14347706890692447,1.0887541946933967
708,707,2.046415093879044,1.8796057560246153,-0.05010093396082689,0.9466539295231298
709,708,1.8335251502631906,1.7511711044342744,-0.18706674244620133,0.7829954175314736
710,709,1.9016983892210106,1.5967150741614284,-0.33325162800057706,0.6128861943299133
711,710,1.776272927700316,1.9241896254346442,0.08645921490322397,1.1003392751779777
712,711,1.7268406797763158,1.575751677875344,-0.23304185626496804,0.6804188258901954
713,712,1.8901521849744618,1.9664385844805299,0.13142642423593606,1.1552781513423203
714,713,1.8986056252118266,1.7374301404375494,-0.21426267182806677,0.8167800951571149
715,714,1.8967562046695257,2.005155404650081,0.02614453492443973,1.0925798984751502
716,715,1.7296515818629077,1.744480102430998,-0.2525093414546109,0.795830686118767
717,716,1.947750132724289,1.80294783412635,-0.27208223252936686,0.74947797125058
718,717,1.9214961952659868,1.8086395265672315,-0.22710740449793065,0.8171359809840907
719,718,1.8466193955138284,1.8313241342460782,-0.054588454535657256,0.9031075769399389
720,719,1.7312810153190474,1.9466026077249785,0.07837738671042162,1.1177720199357188
721,720,1.7395408000515626,1.7805765962890818,-0.016119652517895,0.9043181531148704
722,721,1.8420516640578037,1.5093012336419678,-0.3441049043176666,0.5874549161430406
723,722,1.766554694196972,1.5772491784361213,-0.2951334856061579,0.6570545154527564
724,723,2.0236782571139025,1.6257509049608116,-0.23000530883707804,0.6961869511799339
725,724,1.697894332515675,1.8136772237635785,0.054820823736568415,0.9520384277896751
726,725,1.644385490190868,1.7877041954582493,-0.012370199233493922,0.9549494542077446
727,726,1.900572828766844,1.6569606871003641,-0.2876592123150722,0.7218167836880125
728,727,2.0299904051308677,2.0306521948748193,-0.11702637381658748,1.0479581306014973
729,728,1.6993185267419724,1.8817160790953775,-0.022633705272243225,0.9619299393101233
730,729,1.9917798871983154,1.810536208456877,-0.05584411868765452,0.8997840567440922
731,730,1.8542847606051525,1.771052285530775,-0.21398867580759728,0.8153956418291277
732,731,1.9323463786265258,1.6205112316413428,-0.33071006284750465,0.593956910525887
733,732,1.9754520823161617,1.820528939918798,-0.2650468511436313,0.7823959965141382
734,733,2.0495655455991955,1.5864311272047313,-0.5144469046745601,0.5064482038331974
735,734,1.94239981588957,1.8893879232687265,-0.09382963708821895,0.8828339347865198
736,735,1.743793409480258,1.7372990305783456,-0.14008157540061633,0.8400747372609035
737,736,1.725065921976538,1.753654359047499,-0.11469291378773383,0.8438169783788592
738,737,1.9223442092516638,1.8111514679491305,-0.09499467805313987,0.8810202178093257
739,738,1.7776770640038648,1.5394479593253059,-0.3779458699775521,0.6030181253331311
740,739,1.9842267755174319,2.1434077883098777,0.16877688101001148,1.2353873647845253
741,740,1.9118687187886552,1.9341000296309308,-0.17806936210022867,0.9086060379356824
742,741,1.681469450966015,1.6443553798270287,-0.1726360274376132,0.7628347579866888
743,742,1.6279228402824162,1.816165407686862,-0.013142874085580892,0.9237964271121681
744,743,1.9263000386479763,1.7481399847451018,-0.23114566033616749,0.7797825547854775
745,744,1.8207169183482381,1.318598481232656,-0.4607141094715887,0.4178236817896469
746,745,1.7818063698569055,1.5689832312993246,-0.34015181854147614,0.6311569605360431
747,746,1.8531790440290363,1.8055215736289332,-0.05624853136722212,0.9026637934320058
748,747,1.8274456164544615,1.620611727488599,-0.19333815500857543,0.7025064662941568
749,748,1.8586016255182747,1.5783351336731097,-0.3341603527919346,0.6438462937817366
750,749,1.910533797651508,1.8510260314190128,-0.11420475130423004,0.8801999786758418
751,750,1.7386350025791146,1.8602273794883288,-0.07223459812449176,0.9167901446028246
752,751,1.8857383693955379,1.7862782401215334,-0.1900850549223005,0.8295092972210883
753,752,1.8218309463500855,1.935499360485697,-0.015524203308921763,1.034851852439361
754,753,1.9682537918414205,1.8174295261471938,0.022031062144545213,0.950916988562161
755,754,1.927139214347848,1.8567329001223614,-0.039771446401057425,0.9290753871796968
756,755,2.010334847813433,1.7993285915841306,-0.11681330944129074,0.8363801482682706
757,756,1.9814185323260083,1.905544457575011,-0.06283066902578607,0.9480691864761491
758,757,1.6889177144478447,1.5915444493687323,-0.29052848982739177,0.6770986839960047
759,758,1.9749946418461113,1.738021491327305,-0.18039149805080673,0.7726062347301668
760,759,1.854432823189415,1.4485134725961626,-0.47531560967689007,0.48121214184118005
761,760,1.804837254134366,1.7653870572090546,-0.1893894266039441,0.8443113829843215
762,761,1.8913269641539099,1.9220997910147926,-0.1309283006125463,0.9949553220926154
763,762,2.0484126791388717,1.9223490439358457,-0.21497494032166928,0.9368486188800192
764,763,1.7568631561377646,2.05001599547085,0.18684786023783148,1.1496315959089376
765,764,1.7321137071967712,1.9062979439020438,0.08964811133665357,1.0751412858065257
766,765,1.9122236385834865,1.6322843298567349,-0.280869917884736,0.6565314965960963
767,766,2.01280312649979,1.9049890414019959,0.0788538934336572,1.0683285428015354
768,767,1.793693980008701,1.5705356765069454,-0.290429871399958,0.6659143055746176
769,768,1.9513569708548753,1.6851543203860022,-0.28535050864712785,0.705473455100041
770,769,1.6577428517605435,1.6662670406922016,-0.205039590547097,0.7536319338759617
771,770,1.850191728574902,1.6196599659454334,-0.09761908985204898,0.7604173218897072
772,771,1.7519303489222928,1.743468823942016,-0.11171075152755572,0.8603032459749166
773,772,2.007208157397719,1.7545326095927007,-0.20678261405444273,0.7888870630171495
774,773,1.7904561003587256,1.480406473652659,-0.44967230354917553,0.5115040024050715
775,774,1.9685269858064194,1.7139064665787753,-0.2838109086661273,0.7134721161135759
776,775,1.889608395743662,1.7860343563182166,-0.13443794342257548,0.835813734886569
777,776,1.8962948943882783,1.5504476239724552,-0.42987599598147336,0.5233970409453014
778,777,1.9714134998347101,2.014541473413598,0.058799510235966516,1.061448641074412
779,778,1.9184260274893905,1.888047347457572,-0.06300871169722333,0.9163506464964211
780,779,1.7927920769502228,1.6617817814133162,-0.39909919006021327,0.624927871180678
781,780,1.8915983024714786,1.5580672204393022,-0.33613622074067995,0.5977940398786065
782,781,2.082231501846815,1.8653147861458055,-0.1894393396731007,0.8445893498218757
783,782,1.6595264666864835,1.6969687692696767,-0.19637533106148755,0.7606940721785073
784,783,1.7648968096420397,1.760322188979263,-0.019537608927717675,0.889628152339129
785,784,1.9727442287157813,1.9692955933210405,-0.06592183814273779,1.0277699304352355
786,785,1.8227589114876823,1.637227455127757,-0.2981093454082648,0.6685258905427915
787,786,1.9594770632576524,1.9309558608975135,-0.15751251326789403,0.923401317896011
788,787,2.0909048298278514,1.866273215166045,-0.01166484231378115,0.9505535099936603
789,788,1.9316751325380772,1.9050291948913747,-0.07526226165705359,0.9586852102562796
790,789,1.8764187739861289,1.9452602793236036,-0.013384393139234839,1.0075948460027295
791,790,1.9697758575221582,1.7471957890269545,-0.1546044447196642,0.8421024409071592
792,791,1.9996425160951237,1.6618410650250697,-0.34110530540010053,0.6117693892030427
793,792,1.8243082591575694,1.8504405170723077,-0.03853983807410278,0.9369708447102542
794,793,1.804657125713927,1.755263811874726,-0.16730108041691424,0.8132138026477762
795,794,2.1507239163206617,2.01149125268709,-0.11065746151782314,0.9791682313448715
796,795,2.101113149775738,2.0083532558876134,0.11787150952246811,1.1019726143938806
797,796,2.0187748552179294,1.8261164644708656,-0.06821951031724045,0.9202091068744446
798,797,2.011849702084428,1.8754732837900274,-0.07847223271029186,0.8882435214657479
799,798,1.9718157917978676,1.9138986213213671,-0.23814878372253492,0.8671023085887213
800,799,1.8485311659567782,1.7482707539762001,-0.1340940323558867,0.8197496755156056
801,800,2.1014513730594095,1.8259904233503188,-0.2837030493151558,0.7839423085932227
802,801,2.048262959652582,1.8857241242221348,-0.06117479333199932,0.9304866583077112
803,802,1.7429260948941858,1.5324824581238057,-0.3189211893249849,0.6303274472228318
804,803,1.9103945271648441,1.7954394727127174,-0.09520151662503076,0.8528119151676846
805,804,1.7553084844696405,1.8416840441370914,-0.0529379749710823,0.9419684707665937
806,805,1.84405096298308,1.6490203269234343,-0.10995990148242193,0.777009021853368
807,806,1.7521921702104122,1.8451537333300472,0.04432595765088663,1.0440010539240148
808,807,1.6597530344455402,1.9906286822845198,0.13402618063789487,1.1230617399976535
809,808,1.8897687394000486,1.9073462676048518,-0.024623961062013228,0.9649413003439195
810,809,1.8782363824454016,1.8930437249171246,-0.14021626922577074,0.8977320673181184
811,810,1.9121034461986066,1.587952269733763,-0.39155196654131197,0.5710964629761581
812,811,1.9225440682836705,1.9556617959355962,-0.08428262204646132,1.0527441372705286
813,812,1.7591468141494728,1.9001409763461021,0.011033905258017503,0.9796582552694774
814,813,1.9448811042913994,2.0973303693447454,0.08053137714061295,1.1553408392799238
815,814,1.9785386791311905,1.7868701714905026,-0.058309079190346,0.8674252626437776
816,815,1.9301605518335048,2.035833832713013,0.24404531022821613,1.2548667778805738
817,816,2.063260591636583,2.015091615500122,0.1162508859422179,1.1234773461941128
818,817,1.8302786710903414,1.8947990947165592,0.0014286135517981471,1.0001795619819156
819,818,1.8473427049317006,2.052943145444201,0.12955444786753642,1.2145957146467978
820,819,1.8593870605252534,1.57852119536726,-0.35355536478416966,0.625988959888167
821,820,1.958861247276043,1.6919818389431907,-0.19753302954228452,0.7149778936711175
822,821,1.8672402484850528,1.652875082274932,-0.2087631579879962,0.718774077635026
823,822,1.8216130092294631,1.7237569250961766,-0.21596429691291325,0.7751839650540353
824,823,2.038131469902393,2.216691826981808,0.1207863758813356,1.2409556700153535
825,824,2.020560341151306,1.6397533699210494,-0.25464127820500587,0.6303589073074792
826,825,1.9351549162636605,1.8513057464459222,-0.09352817437524368,0.877478556280785
827,826,1.8788860921053259,1.8815944783068195,0.010242957166182927,0.9929008617074732
828,827,1.806688484643595,1.6842097242635832,-0.1621994132051812,0.7736291736821651
829,828,1.7343292759406022,1.713914283712359,-0.09077874243301075,0.8385963339800909
830,829,2.013095084447546,1.9551352479033866,0.10302279104115397,1.0722328990882264
831,830,1.9874942532511055,1.5401880501619354,-0.7272710103860018,0.4011963765398125
832,831,1.9646208321063885,1.6810894436684103,-0.2592108882067875,0.6940571420448576
833,832,2.129567564539672,1.7906733232757392,-0.06235872858779346,0.8474956679941211
834,833,1.9936696406294094,1.6902130985495236,-0.2900882066993351,0.6729750810226444
835,834,1.9799042013046657,1.7339137474971533,-0.3267891223531868,0.6509825564857876
836,835,1.783880079197564,1.6876987641286876,-0.22791373205376195,0.7212591481410935
837,836,1.9545884012374555,2.007434444141822,0.027492059592061607,1.0549892223519712
838,837,1.8555405025570528,1.8063571267186012,-0.18238015502094762,0.8267910147142828
839,838,1.8356814843075917,1.7447705255980903,-0.0975004577403286,0.829698768686766
840,839,2.0418201994305725,1.823377139684669,-0.2534796661166933,0.7962602002165569
841,840,1.8811035199729687,1.9573189927978631,0.05282928615202884,1.0719110163539254
842,841,1.8328172622804948,1.6968795464191555,-0.1988336016529595,0.7700964646938258
843,842,2.081865841557261,1.8814638418655474,0.08323307550037891,1.0116325855742592
844,843,1.9036048651259976,1.7516101916015085,-0.19471277099336412,0.7967180857742157
845,844,1.9627484496773182,2.063740965400329,-0.09778188850514519,1.009163099583618
846,845,1.932368550105124,1.6012735660675872,-0.40785303766011777,0.5600617077327593
847,846,2.181848007741675,2.045874872113717,-0.12607492318533292,1.0658681969391286
848,847,1.8588544489435197,2.2362693278805343,0.2732718400674294,1.4179206275859642
849,848,1.8171822141000233,1.621034398561634,-0.22200617548498694,0.7064051079318121
850,849,1.8963859492943695,1.7677377278698683,-0.29256834787006586,0.7705785537134149
851,850,2.097545915810169,1.9075785837603092,0.04833955714827271,0.9838951117953054
852,851,1.8935220912850537,1.896752840235301,-0.10682023765608602,0.9251647828231522
853,852,1.9258295857471663,1.756326917943338,-0.07833911251052174,0.8334153071838057
854,853,2.180085145251438,1.840775464491461,-0.27312699164464627,0.7722035345298907
855,854,2.0392740818523847,2.1082600565473144,-0.05446670221822673,1.069054477041314
856,855,1.979368263970688,2.187273427552814,0.02943843837615074,1.1374967998430567
857,856,1.7613809032181849,1.6545289746517529,-0.16040024655002472,0.7725870946480405
858,857,1.797454181927561,1.5468915909872578,-0.24925386557250762,0.6582074771849767
859,858,2.013081920188515,1.982123831284906,-0.012411994859694108,1.0562935339697712
860,859,1.9176597359755134,1.724114956691147,-0.060630038602767396,0.8364417032316016
861,860,1.8801023816597502,1.5947314761782327,-0.31540204222059903,0.6313771539797943
862,861,1.7242437915945565,1.6600063803976146,-0.2419294302966111,0.7201496747285084
863,862,1.9597603186463741,1.875358358063886,-0.13907467170837176,0.8754614745374444
864,863,1.798844943022614,2.0876260792884835,0.1659959836007859,1.1550918425939207
865,864,1.8802881127528543,1.8480283888637339,-0.08404230706493647,0.919605846566928
866,865,1.987017889901326,1.79397894348166,-0.14661700111664214,0.8317548534175241
867,866,1.9600630026473018,1.632811837615871,-0.3416977851164738,0.6339360178393761
868,867,1.8037280088510068,1.824616999582584,-0.10376542959452917,0.8868521659749286
869,868,2.0373744250912416,1.8502786223269017,-0.11373900032855357,0.8892429260267721
870,869,1.739538398989995,1.7113426334029207,-0.20537931951500174,0.7522909305080738
871,870,1.8413944793464274,1.7926600511349569,-0.07575009399580887,0.8756577917787772
872,871,1.6658286089022454,2.1842145183306694,0.31263382276806057,1.4854840288668365
873,872,2.052585242954112,1.8244798037383376,-0.4154493014948795,0.6871810006246254
874,873,1.7629368414749127,1.8479628890367694,0.012524994136844148,0.9974808388464549
875,874,1.8836312702380131,2.0849437870029086,-0.04532140605562138,1.1455430756709675
876,875,1.65346613219814,1.735667110040272,-0.12669298340667512,0.8284722900388773
877,876,1.8768912363449521,2.0689492610975613,0.12935082187134544,1.2201241662636533
878,877,1.9430838861198905,1.65219244325578,-0.2624718612600779,0.684582786915254
879,878,2.021590469970645,1.9569409892065595,0.13716721356595438,1.0680008038323188
880,879,1.9893702595583405,1.8863088096030687,-0.1775962085388645,0.8833350820983408
881,880,1.9785519865475698,1.7039400594627419,-0.12896687440528312,0.8235442885327998
882,881,2.1626437512295857,1.8347202022470797,-0.10901667569402576,0.872704252758854
883,882,1.7498149699735306,2.168876842810875,0.12176015695574004,1.2321092421343869
884,883,1.6499696078567463,1.6418221658360812,-0.29909433620045006,0.7093877466775295
885,884,2.0447671881149834,1.8971375525992151,-0.09532785330109345,0.9225369489192005
886,885,2.0388506283429026,1.8860520049702678,0.05644747775634973,0.9868325762065153
887,886,1.9429406108167373,1.8705796616188757,-0.05109181912452766,0.9002189487238094
888,887,1.837783144008879,1.7949960568440704,-0.12242982581392724,0.8879285412739447
889,888,1.9641509346087567,1.5416795347152719,-0.1550888541515756,0.7534173201718315
890,889,1.7264533900708805,1.4449244661706158,-0.36331382394816025,0.5559036348153006
891,890,1.9192242210779011,2.0697767107625125,0.08980185701446093,1.1350645291969936
892,891,1.9178103338707682,1.9802331393129753,-0.13663892863216087,1.038806454167679
893,892,2.051191750114011,2.0937564163367894,0.27837775074848453,1.237530173983715
894,893,1.7427803175700882,1.4745524242989034,-0.39325223229224354,0.549483601523445
895,894,1.717079765059543,1.7293447641021127,0.0009668509288182725,0.9176214439762151
896,895,1.87888117928168,1.7415203521733615,-0.1376162622230899,0.8258655351825941
897,896,1.7976828861827059,1.8925698672269395,0.050277849604414775,1.0307964508616252
898,897,1.6384590197149829,1.6326299633090713,-0.1919012995936434,0.7414031406786715
899,898,1.8858943068388927,1.8057915364607302,-0.04767154989581228,0.911834101497779
900,899,1.8142886239720424,1.7297949573250722,-0.0260247715949462,0.8841789226425262
901,900,1.8323419486407724,1.2632177852674873,-0.6978692750056619,0.22248399256866638
902,901,1.684023890191262,1.5741713988662387,-0.3114879943269527,0.6462922827999034
903,902,1.8615714902102412,1.7879054748100074,-0.1320102631256087,0.8555143084880752
904,903,2.077659940530169,1.8004642726479603,-0.22875622424098827,0.7851484671094806
905,904,1.9282853722823845,1.7300239245118962,-0.18893069347550853,0.7844865480731538
906,905,1.6142204635147777,1.8331523643300593,0.11862612960296888,1.036530585726224
907,906,1.9138632166497445,1.9021880000212725,0.02861271169304724,0.9808865466953799
908,907,1.9629061111706962,2.3049943399947908,0.11104667215764374,1.309889799837923
909,908,1.7598705350772594,1.4405048126390367,-0.31348273416145783,0.5352351000500101
910,909,2.004799867063528,1.637672720315437,-0.47559631327778973,0.5212320649178462
911,910,1.9461397426138598,1.8149877413851598,-0.07721692350275165,0.9222206451690701
912,911,1.9419963943542458,1.6828951955854246,-0.18610180161117193,0.7465798559958331
913,912,1.7785810448576895,1.2161671815839175,-0.7558714518641374,0.09719779266395757
914,913,1.6596496234575155,1.955651317640856,-0.0620346823573871,1.0564544455288625
915,914,1.9919957035953504,1.82338033059261,-0.25994075710356035,0.7628923084868428
916,915,1.902992871232439,1.8685289902947206,0.05853362296058879,1.0138983836643811
917,916,1.859465128536928,1.8215738388819258,-0.04262794266644382,0.8979975315078591
918,917,1.9744378909558487,1.7569351003986242,-0.1568907185297044,0.8208475220100168
919,918,1.941508346078838,1.6283752011023822,-0.24774189552122483,0.6877577642444975
920,919,2.031179425290571,2.0290161174449515,0.2768965142838849,1.271887213182595
921,920,1.8787216320848,1.7580484822187277,-0.20937261632929177,0.7876044808252113
922,921,2.0426343049177538,1.5932926693414406,-0.541929630033384,0.5371964938293723
923,922,1.5762345160726945,1.4484732017337973,-0.38182026903345356,0.5166535482952358
924,923,1.9528607227208183,1.6937231531350285,-0.4006346999703315,0.6106681615336741
925,924,1.9432859743271342,1.7657477349670947,-0.3329097289015653,0.6963415209728755
926,925,2.0984841246440875,1.6464790264163747,-0.3329662426268795,0.6079932897005887
927,926,1.839330006455721,1.8448262465200356,-0.12567083729790293,0.8911444546210563
928,927,1.7642853828418323,1.7281187779039504,-0.19448670693607498,0.7767796672890968
929,928,1.8627312680616492,1.654642933628774,-0.18484902810749235,0.7114592788003588
930,929,1.5731903398790306,1.3948784194102262,-0.3504621433658521,0.5507658447422329
931,930,2.0270043140504486,1.6102727741356024,-0.3753959279894743,0.5859155439594967
932,931,1.670869828567024,1.7076682596667745,-0.15944585081854415,0.8099028773376356
933,932,2.015426222591288,2.002755614329323,0.16811436463112228,1.1665468555293697
934,933,2.2193604130515996,2.22682413461366,-0.2095229516282636,1.0442488462436423
935,934,1.8155676002487073,2.007738105617659,0.08342201490553616,1.0998012719752577
936,935,1.7966246827976915,1.7310450065730323,-0.17620258547162873,0.816763232080062
937,936,1.711045562253376,1.7620861590328742,-0.13536149264227937,0.8438630218387595
938,937,1.827257570117409,1.970968551890339,0.05179266024424016,1.0704319114933671
939,938,1.9527570447587166,1.725999022182716,-0.5190839778292874,0.6081589025977527
940,939,2.010123233603095,1.9130087456761509,0.003018764490982158,0.9751815658847227
941,940,2.1578981136270916,2.2263194451694117,0.08971941178975396,1.2222373212188666
942,941,2.0297362351722,2.073782979083088,0.14157319067098145,1.1691015238930251
943,942,1.944561560596242,1.71079965315886,-0.22790022441429325,0.7421489601635537
944,943,1.8927775077914224,1.5722393421350493,-0.36990939710145393,0.5815814752762167
945,944,1.9007458811228477,1.6230214573460513,-0.2803620089753345,0.6374733621904316
946,945,1.7376733087597342,1.7273670174879818,-0.12282793633113882,0.8089571570117285
947,946,1.9664600955721603,1.90156417474638,-0.006697599824780362,0.9748033786276522
948,947,1.9602121094317675,1.8335055313669137,-0.044140289585110216,0.9368169982498008
949,948,1.9617086614629689,1.7215641352034279,-0.10969254681096767,0.7889277246836074
950,949,2.123529080166983,2.0327324940449856,-0.01124043036438338,1.0557765246505755
951,950,1.9109512739441101,1.9932360428609872,-0.10146156468153351,0.9704820304493132
952,951,1.9445839373972846,1.8005365018104238,-0.16990059546023017,0.8057245755000364
953,952,1.86256279547536,1.8428457474838318,-0.020295837549819014,0.9191604690679382
954,953,1.6635999520326556,1.773677864034422,-0.08650719510197996,0.8741314103624964
955,954,1.7577962529391238,2.0934359588215905,0.2352243615456217,1.262309921106632
956,955,1.9282393629903984,1.6034375894788295,-0.5362952643529101,0.47291627896908006
957,956,1.9698816730187894,1.7921408466681437,-0.24393916331362803,0.7692735057024324
958,957,1.7763259147071269,1.7057599633131288,-0.15246410746942854,0.7950494836694286
959,958,2.069918310175088,1.9207127787311142,-0.24297687321116168,0.8754682673581633
960,959,1.9387317324990296,2.204566953318418,0.15115423596423927,1.2947090484444237
961,960,2.0183333362143387,1.8599827309570256,-0.036836337522907964,0.9240426447781622
962,961,2.00760952935365,2.0975322585427385,0.1537027130011229,1.161768031896479
963,962,1.8033561669127405,1.6468466412324252,-0.1796885511342123,0.7822575964054529
964,963,1.8808469803722068,1.9411252472009008,0.09559621195489534,1.0945285323790535
965,964,1.9803582542156932,2.1086906906093237,0.2192484755905273,1.2217846692231622
966,965,2.073197375606999,1.9747738667977919,0.06884184003639279,1.0339602609773797
967,966,1.6482650809860606,1.4737536924776042,-0.36669846980951665,0.5945126891988998
968,967,1.9653181049092638,1.6420461944660645,-0.37317857563525314,0.6343052971538916
969,968,2.0478762378801707,1.7644310248003354,-0.13254806212774214,0.7861351899174445
970,969,1.8416961597586674,1.9072315690151265,-0.0817192177879007,0.9447683616597394
971,970,1.6983260220631917,1.8928836361621308,-0.1711700276390546,0.8965850509541501
972,971,1.7547473690454272,1.4751016925826468,-0.2783705588294173,0.608621888533599
973,972,1.9507336012384002,1.724031160846261,-0.22247968139686944,0.7580685912150069
974,973,2.0133078996309277,1.8851667686713527,-0.20470507363389107,0.9094659095564087
975,974,1.6789886048684803,1.4089120607713947,-0.4481305978699473,0.46688314080099597
976,975,2.1889454140154516,1.750548705137967,-0.43774965768975826,0.6426458833849817
977,976,2.046285666235996,1.8444606853739396,-0.15512978683056802,0.8751810412383032
978,977,1.7516165814623754,1.6568973706652281,-0.188010070800372,0.7918500328741891
979,978,1.9629013976805894,1.73412906101468,-0.3457824152655602,0.7066749082819579
980,979,2.0256710545678156,1.9866823676530296,0.17778027658790752,1.1064333506047053
981,980,1.937395731332168,1.8543937886371524,0.03885380602640524,0.9782496921929064
982,981,1.787369851708578,1.6693819171471391,-0.07778658480267664,0.8063584331890351
983,982,2.0177512067700465,1.6294699402470105,-0.34358030763599473,0.6293661797483202
984,983,2.1458461481397917,1.7285543755026616,-0.43923552543319194,0.6465456957439121
985,984,1.7494640460077118,1.7713692535089867,-0.12100421985049807,0.832698682495481
986,985,2.035812901130591,2.1694570160900652,-0.016153801395803965,1.0984254797615536
987,986,2.107593310714578,1.7696519091748582,-0.1637320347109577,0.7924053706798976
988,987,1.9072827808306227,1.681664031205252,-0.2785678978275233,0.6702278965919837
989,988,2.058340630854425,1.9550212756218568,0.06481401149392267,1.021965820428099
990,989,1.963729998555611,1.839356647915973,-0.28294088980882115,0.7951055273328046
991,990,1.8713399444995333,1.4986840995335498,-0.396830841699415,0.5321906848481875
992,991,2.029295683304236,1.6674063925067248,-0.3261150673497388,0.6401574387180461
993,992,1.880273696201213,1.6495981308245566,-0.27586911354875077,0.6693683067841613
994,993,1.887753140202976,1.9353880865967659,-0.06359187973555262,0.9448080873689076
995,994,1.9063736477778175,1.9816240873452569,0.08303555819621605,1.1009697481809306
996,995,2.063718588781667,1.7097930565254011,-0.4137887743216576,0.6474537239010314
997,996,1.983247399088841,1.921140743450859,0.04225348755717328,1.0018847026816808
998,997,1.9112638248946552,1.6873783164676708,-0.3234448465128062,0.6600636376590632
999,998,2.049209000278603,1.901203108645956,-0.07078382509181194,0.9189277181443616
1000,999,1.9978299285394119,1.9352062705471071,0.11311773927824789,1.070019410257305
